game_time,true_time,x,y,az,vx,vaz,dis_to_obs_0,dis_to_obs_36,dis_to_obs_72,dis_to_obs_108,dis_to_obs_144,dis_to_obs_180,dis_to_obs_-144,dis_to_obs_-108,dis_to_obs_-72,dis_to_obs_-36,dis_to_min_obs,direction_to_min_obs,dis_to_human_0,dis_to_human_36,dis_to_human_72,dis_to_human_108,dis_to_human_144,dis_to_human_180,dis_to_human_-144,dis_to_human_-108,dis_to_human_-72,dis_to_human_-36,dis_to_min_human,direction_to_min_human,
1.016,4.340,0.000,0.000,0.000,0.000,0.000,0.000,1.776,0.922,0.842,4.140,3.040,3.361,0.000,2.200,3.093,0.000,2.369,0.000,0.000,0.000,0.000,0.000,0.000,0.000,0.000,0.000,0.000,0.000,3.142,
1.108,4.432,0.000,0.171,6.119,0.008,5.962,0.000,1.834,0.930,0.840,4.209,3.050,3.334,0.000,2.194,3.042,0.000,2.369,0.000,0.000,0.000,0.000,0.000,0.000,0.000,0.000,0.000,0.000,0.000,3.142,
1.213,4.537,0.000,0.171,6.103,0.002,6.051,0.000,1.882,0.936,0.838,4.262,3.057,3.313,0.000,2.190,3.004,0.000,2.404,0.000,0.000,0.000,0.000,0.000,0.000,0.000,0.000,0.000,0.000,0.000,3.142,
1.301,4.625,0.000,0.171,6.090,-0.008,6.054,0.000,1.917,0.940,0.837,4.301,3.062,3.299,0.000,2.188,2.979,0.000,2.404,0.000,0.000,0.000,0.000,0.000,0.000,0.000,0.000,0.000,0.000,0.000,3.142,
1.413,4.737,-0.001,0.171,6.081,-0.005,6.110,0.000,1.946,0.944,0.836,4.332,3.066,3.288,0.000,2.186,2.960,0.000,2.404,0.000,0.000,0.000,0.000,0.000,0.000,0.000,0.000,0.000,0.000,0.000,3.142,
1.504,4.828,-0.001,0.171,6.074,0.011,6.164,0.000,1.974,0.947,0.835,4.363,3.071,3.279,0.000,2.184,2.941,0.000,2.404,0.000,0.000,0.000,0.000,0.000,0.000,0.000,0.000,0.000,0.000,0.000,3.142,
1.611,4.935,0.000,0.171,6.067,0.008,6.144,0.000,1.992,0.950,0.835,4.384,3.074,3.273,0.000,2.183,2.930,0.000,2.404,0.000,0.000,0.000,0.000,0.000,0.000,0.000,0.000,0.000,0.000,0.000,3.142,
1.715,5.040,0.000,0.171,6.063,0.002,6.194,0.000,2.010,0.952,0.835,4.403,3.077,3.267,0.000,2.182,2.919,0.000,2.404,0.000,0.000,0.000,0.000,0.000,0.000,0.000,0.000,0.000,0.000,0.000,3.142,
1.803,5.128,0.000,0.171,6.059,-0.005,6.143,0.000,2.035,0.955,0.834,4.429,3.082,3.261,0.000,2.181,2.905,0.000,2.440,0.000,0.000,0.000,0.000,0.000,0.000,0.000,0.000,0.000,0.000,0.000,3.142,
1.903,5.227,0.001,0.171,6.053,0.098,6.136,0.000,2.022,0.963,0.847,4.458,3.126,3.328,0.000,2.171,2.913,0.000,2.440,0.000,0.000,0.000,0.000,0.000,0.000,0.000,0.000,0.000,0.000,0.000,3.142,
2.014,5.338,0.050,0.159,6.063,0.924,0.296,0.000,2.047,0.989,0.875,4.591,3.243,3.473,0.000,2.146,2.900,0.000,0.369,0.000,0.000,0.000,0.000,0.000,0.000,0.000,0.000,0.000,0.000,0.000,3.142,
2.106,5.431,0.171,0.133,6.071,1.403,6.280,0.000,2.106,1.018,0.900,4.762,3.364,3.602,0.000,2.121,2.866,0.000,0.369,0.000,0.000,0.000,0.000,0.000,0.000,0.000,0.000,0.000,0.000,0.000,3.142,
2.206,5.530,0.289,0.107,6.072,0.990,6.277,0.000,2.148,1.038,0.918,1.259,3.449,3.693,0.000,2.103,2.842,0.000,0.369,0.000,0.000,0.000,0.000,0.000,0.000,0.000,0.000,0.000,0.000,0.000,3.142,
2.304,5.628,0.372,0.089,6.072,0.832,6.277,0.000,2.193,1.060,0.938,1.286,3.541,3.792,0.000,2.083,2.816,0.000,0.369,0.000,0.000,0.000,0.000,0.000,0.000,0.000,0.000,0.000,0.000,0.000,3.142,
2.414,5.739,0.462,0.070,6.072,1.057,6.277,4.751,2.248,1.086,0.961,1.317,3.649,3.907,2.166,2.060,2.784,0.000,0.369,0.000,0.000,0.000,0.000,0.000,0.000,0.000,0.000,0.000,0.000,0.000,3.142,
2.502,5.826,0.568,0.047,6.071,1.087,6.274,4.509,2.300,1.111,0.982,1.346,3.751,4.015,2.142,2.039,2.755,0.000,0.404,0.000,0.000,0.000,0.000,0.000,0.000,0.000,0.000,0.000,0.000,0.000,3.142,
2.607,5.931,0.667,0.026,6.071,0.975,6.278,4.251,2.348,1.134,1.002,1.373,3.845,4.116,2.143,2.019,2.727,0.000,0.404,0.000,0.000,0.000,0.000,0.000,0.000,0.000,0.000,0.000,0.000,0.000,3.142,
2.709,6.033,0.759,0.006,6.071,0.952,6.279,4.001,2.396,1.156,1.022,1.400,3.940,4.216,2.289,1.999,2.700,0.000,0.404,0.000,0.000,0.000,0.000,0.000,0.000,0.000,0.000,0.000,0.000,0.000,3.142,
2.813,6.137,0.851,-0.014,6.071,0.966,6.278,3.756,2.445,1.180,1.043,1.428,4.036,4.319,2.266,1.979,2.672,0.000,0.404,0.000,0.000,0.000,0.000,0.000,0.000,0.000,0.000,0.000,0.000,0.000,3.142,
2.915,6.239,0.945,-0.034,6.070,0.989,6.278,3.512,2.495,1.203,1.064,1.457,4.135,4.424,2.242,1.958,2.643,0.000,0.404,0.000,0.000,0.000,0.000,0.000,0.000,0.000,0.000,0.000,0.000,0.000,3.142,
3.003,6.327,1.041,-0.055,6.070,1.013,6.278,3.290,2.545,1.228,1.085,1.486,4.235,4.531,2.217,1.936,2.614,0.000,0.404,0.000,0.000,0.000,0.000,0.000,0.000,0.000,0.000,0.000,0.000,0.000,3.142,
3.107,6.431,1.139,-0.076,6.070,1.019,6.278,3.052,2.596,1.252,1.106,1.515,4.335,4.638,2.193,1.915,2.585,0.000,0.404,0.000,0.000,0.000,0.000,0.000,0.000,0.000,0.000,0.000,0.000,0.000,3.142,
3.202,6.526,1.237,-0.097,6.070,1.009,6.278,2.830,2.646,1.276,1.127,1.544,4.434,4.744,2.169,1.894,2.557,0.000,2.826,0.000,0.000,0.000,0.000,0.000,0.000,0.000,0.000,0.000,0.000,0.000,3.142,
3.308,6.632,1.334,-0.118,6.070,1.008,6.278,2.592,2.696,1.300,1.148,1.573,4.534,4.850,2.145,1.873,2.528,0.000,2.861,0.000,0.000,0.000,0.000,0.000,0.000,0.000,0.000,0.000,0.000,0.000,3.142,
3.403,6.727,1.431,-0.139,6.070,1.013,6.278,2.375,2.745,1.324,1.170,1.602,4.634,4.957,2.121,1.852,2.499,0.000,2.896,0.000,0.000,0.000,0.000,0.000,0.000,0.000,0.000,0.000,0.000,0.000,3.142,
3.502,6.826,1.529,-0.160,6.070,1.013,6.278,2.151,2.795,1.348,1.191,1.631,4.733,0.000,2.096,1.830,2.471,0.000,2.931,0.000,0.000,0.000,0.000,0.000,0.000,0.000,0.000,0.000,0.000,0.000,3.142,
3.612,6.937,1.626,-0.181,6.070,1.010,6.277,1.922,2.845,1.372,1.212,1.660,4.833,0.000,2.072,1.809,2.442,0.000,3.001,0.000,0.000,0.000,0.000,0.000,0.000,0.000,0.000,0.000,0.000,0.000,3.142,
3.700,7.024,1.724,-0.202,6.070,1.011,6.277,1.728,2.894,1.395,1.233,1.689,4.931,0.000,2.048,1.788,2.414,0.000,3.071,0.000,0.000,0.000,0.000,0.000,0.000,0.000,0.000,0.000,0.000,0.000,3.142,
3.803,7.127,1.820,-0.223,6.070,0.976,6.277,1.534,2.939,1.417,1.252,1.715,0.000,0.000,2.026,1.769,2.388,0.000,3.142,0.000,0.000,0.000,0.000,0.000,0.000,0.000,0.000,0.000,0.000,0.000,3.142,
3.911,7.235,1.908,-0.242,6.070,0.847,6.277,1.366,2.977,1.436,1.269,1.737,0.000,0.000,2.008,1.753,2.366,0.000,3.142,0.000,0.000,0.000,0.000,0.000,0.000,0.000,0.000,0.000,0.000,0.000,3.142,
4.010,7.334,1.982,-0.258,6.070,0.703,6.277,1.248,3.008,1.451,1.282,1.756,0.000,0.000,1.992,1.739,2.348,0.000,3.142,0.000,0.000,0.000,0.000,0.000,0.000,0.000,0.000,0.000,0.000,0.000,3.142,
4.110,7.434,2.045,-0.272,6.070,0.616,6.277,0.000,3.036,1.464,1.294,1.773,0.000,0.000,1.978,1.727,2.332,0.000,3.142,0.000,0.000,0.000,0.000,0.000,0.000,0.000,0.000,0.000,0.000,0.000,3.142,
4.220,7.544,2.100,-0.283,6.070,0.530,6.277,0.000,2.839,1.449,1.313,1.855,0.000,0.000,1.925,1.724,2.400,0.000,3.142,0.000,0.000,0.000,0.000,0.000,0.000,0.000,0.000,0.000,0.000,0.000,3.142,
4.316,7.640,2.154,-0.295,6.107,0.418,1.417,0.000,2.215,1.366,1.370,2.241,0.000,2.969,1.796,1.781,0.653,0.000,3.142,0.000,0.000,0.000,0.000,0.000,0.000,0.000,0.000,0.000,0.000,0.000,3.142,
4.419,7.743,2.184,-0.300,6.261,0.372,2.569,0.000,1.774,1.310,1.496,0.000,0.000,2.356,1.714,1.935,0.728,0.000,3.142,0.000,0.000,0.000,0.000,0.000,0.000,0.000,0.000,0.000,0.000,0.000,3.142,
4.507,7.832,2.216,-0.301,0.174,0.300,0.735,0.000,1.925,1.322,1.427,2.667,0.000,2.581,1.745,0.524,3.400,0.000,3.142,0.000,0.000,0.000,0.000,0.000,0.000,0.000,0.000,0.000,0.000,0.000,3.142,
4.601,7.925,2.244,-0.296,0.089,0.299,4.751,0.000,1.939,1.322,1.419,2.624,0.000,2.609,1.751,0.445,3.357,0.000,3.142,0.000,0.000,0.000,0.000,0.000,0.000,0.000,0.000,0.000,0.000,0.000,3.142,
4.716,8.040,2.273,-0.294,0.081,0.317,0.867,0.000,1.821,1.305,1.455,2.913,0.000,2.457,0.553,0.507,3.729,0.000,3.142,0.000,0.000,0.000,0.000,0.000,0.000,0.000,0.000,0.000,0.000,0.000,3.142,
4.810,8.134,2.304,-0.290,0.138,0.345,0.266,0.000,1.812,1.300,1.451,2.912,0.000,2.460,0.498,1.917,3.750,0.000,3.142,0.000,0.000,0.000,0.000,0.000,0.000,0.000,0.000,0.000,0.000,0.000,3.142,
4.903,8.228,2.338,-0.285,0.139,0.369,6.277,0.000,1.804,1.295,1.445,2.900,0.000,2.467,0.544,1.923,3.762,0.000,3.142,0.000,0.000,0.000,0.000,0.000,0.000,0.000,0.000,0.000,0.000,0.000,3.142,
5.014,8.339,2.374,-0.280,0.139,0.394,6.277,0.000,1.793,1.287,1.436,2.883,0.000,2.478,1.752,1.932,3.779,0.000,3.142,0.000,0.000,0.000,0.000,0.000,0.000,0.000,0.000,0.000,0.000,0.000,3.142,
5.116,8.440,2.430,-0.273,0.140,0.903,0.051,0.000,1.770,1.271,1.418,2.846,0.000,0.797,1.768,1.950,3.815,0.000,3.142,0.000,0.000,0.000,0.000,0.000,0.000,0.000,0.000,0.000,0.000,0.000,3.142,
5.213,8.537,2.546,-0.256,0.140,1.323,6.277,0.000,1.747,1.254,1.399,2.809,0.000,0.931,1.785,1.968,3.851,0.000,3.142,0.000,0.000,0.000,0.000,0.000,0.000,0.000,0.000,0.000,0.000,0.000,3.142,
5.309,8.633,2.662,-0.240,0.140,1.003,6.277,0.000,1.730,1.242,1.385,2.782,0.000,1.152,1.797,1.982,3.878,0.000,3.142,0.000,0.000,0.000,0.000,0.000,0.000,0.000,0.000,0.000,0.000,0.000,3.142,
5.410,8.734,2.749,-0.228,0.140,0.867,6.277,0.000,1.711,1.228,1.371,2.753,0.000,2.561,1.811,1.997,3.907,0.000,3.142,0.000,0.000,0.000,0.000,0.000,0.000,0.000,0.000,0.000,0.000,0.000,3.142,
5.515,8.839,2.841,-0.215,0.140,1.044,6.277,0.000,1.690,1.213,1.354,2.719,0.000,2.582,1.826,2.013,3.940,0.000,3.142,0.000,0.000,0.000,0.000,0.000,0.000,0.000,0.000,0.000,0.000,0.000,3.142,
5.609,8.933,2.947,-0.200,0.140,1.073,6.277,0.000,1.675,1.203,1.342,2.696,0.000,2.597,1.836,2.026,0.000,0.000,3.142,0.000,0.000,0.000,0.000,0.000,0.000,0.000,0.000,0.000,0.000,0.000,3.142,
5.713,9.037,3.023,-0.189,0.140,0.352,0.009,0.000,1.695,1.206,1.335,2.637,0.000,2.626,1.839,2.013,3.878,0.000,3.142,0.000,0.000,0.000,0.000,0.000,0.000,0.000,0.000,0.000,0.000,0.000,3.142,
5.813,9.137,3.016,-0.190,0.129,-0.330,5.649,0.000,1.915,1.236,1.277,2.197,0.000,2.968,1.883,1.922,3.242,0.000,3.142,0.000,0.000,0.000,0.000,0.000,0.000,0.000,0.000,0.000,0.000,0.000,3.142,
5.905,9.229,2.990,-0.193,0.023,-0.124,4.856,0.000,2.179,1.274,1.238,1.928,0.000,3.394,1.944,1.867,2.858,0.000,3.142,0.000,0.000,0.000,0.000,0.000,0.000,0.000,0.000,0.000,0.000,0.000,3.142,
6.001,9.325,2.994,-0.193,6.213,0.134,5.476,0.000,2.340,1.298,1.225,1.829,0.000,3.651,1.980,1.848,2.714,0.000,3.142,0.000,0.000,0.000,0.000,0.000,0.000,0.000,0.000,0.000,0.000,0.000,3.142,
6.108,9.432,3.002,-0.193,6.169,0.023,5.829,0.000,2.479,1.317,1.216,1.761,0.000,3.736,2.011,1.836,2.618,0.000,3.142,0.000,0.000,0.000,0.000,0.000,0.000,0.000,0.000,0.000,0.000,0.000,3.142,
6.207,9.532,3.001,-0.193,6.136,-0.037,5.773,0.000,2.671,1.342,1.207,1.690,0.000,3.810,2.052,1.825,2.517,0.000,3.142,0.000,0.000,0.000,0.000,0.000,0.000,0.000,0.000,0.000,0.000,0.000,3.142,
6.305,9.629,2.998,-0.193,6.097,-0.008,5.769,0.000,2.831,1.362,1.203,1.645,0.000,0.000,2.084,1.818,2.452,0.000,3.142,0.000,0.000,0.000,0.000,0.000,0.000,0.000,0.000,0.000,0.000,0.000,3.142,
6.410,9.734,2.999,-0.193,6.069,0.021,5.935,0.000,2.970,1.379,1.200,1.613,0.000,0.000,2.111,1.814,2.405,0.000,3.142,0.000,0.000,0.000,0.000,0.000,0.000,0.000,0.000,0.000,0.000,0.000,3.142,
6.506,9.830,3.000,-0.193,6.047,0.003,5.970,0.000,3.104,1.395,1.197,1.586,0.000,0.000,2.136,1.812,2.366,0.000,3.142,0.000,0.000,0.000,0.000,0.000,0.000,0.000,0.000,0.000,0.000,0.000,3.142,
6.609,9.934,3.000,-0.193,6.028,-0.011,5.954,0.000,3.241,1.410,1.196,1.562,0.000,0.000,2.160,1.810,2.332,0.000,3.142,0.000,0.000,0.000,0.000,0.000,0.000,0.000,0.000,0.000,0.000,0.000,3.142,
6.707,10.031,2.999,-0.193,6.011,0.000,6.060,0.000,3.327,1.419,1.195,1.548,0.000,0.000,2.175,1.809,2.313,0.000,3.142,0.000,0.000,0.000,0.000,0.000,0.000,0.000,0.000,0.000,0.000,0.000,3.142,
6.807,10.131,3.000,-0.193,6.001,0.005,6.095,0.000,3.417,1.428,1.194,1.536,0.000,0.000,2.189,1.808,2.294,0.000,3.142,0.000,0.000,0.000,0.000,0.000,0.000,0.000,0.000,0.000,0.000,0.000,3.142,
6.913,10.237,3.000,-0.193,5.990,-0.001,6.081,0.000,3.504,1.437,1.194,1.524,0.000,0.000,2.204,1.808,2.278,0.000,3.142,0.000,0.000,0.000,0.000,0.000,0.000,0.000,0.000,0.000,0.000,0.000,3.142,
7.015,10.339,3.000,-0.193,5.981,-0.003,6.107,0.000,3.400,1.444,1.193,1.515,0.000,0.000,2.215,1.807,2.265,0.000,3.142,0.000,0.000,0.000,0.000,0.000,0.000,0.000,0.000,0.000,0.000,0.000,3.142,
7.107,10.431,3.000,-0.193,5.974,0.000,6.148,0.000,3.394,1.449,1.193,1.509,0.000,0.000,2.223,1.807,2.257,0.000,3.142,0.000,0.000,0.000,0.000,0.000,0.000,0.000,0.000,0.000,0.000,0.000,3.142,
7.215,10.540,3.000,-0.193,5.969,0.002,6.163,0.000,3.388,1.454,1.193,1.504,0.000,0.000,2.231,1.807,2.249,0.000,3.142,0.000,0.000,0.000,0.000,0.000,0.000,0.000,0.000,0.000,0.000,0.000,3.142,
7.308,10.632,3.000,-0.193,5.964,0.000,6.171,0.000,3.384,1.458,1.193,1.499,0.000,0.000,2.237,1.807,2.242,0.000,3.142,0.000,0.000,0.000,0.000,0.000,0.000,0.000,0.000,0.000,0.000,0.000,3.142,
7.413,10.737,3.000,-0.193,5.960,-0.002,6.194,0.000,3.350,1.471,1.204,1.515,0.000,0.000,2.221,1.796,2.230,0.000,3.142,0.000,0.000,0.000,0.000,0.000,0.000,0.000,0.000,0.000,0.000,0.000,3.142,
7.516,10.840,3.033,-0.204,5.961,0.736,0.177,0.000,3.254,1.499,1.239,1.574,0.000,0.000,2.158,1.761,2.208,0.000,3.142,0.000,0.000,0.000,0.000,0.000,0.000,0.000,0.000,0.000,0.000,0.000,3.142,
7.607,10.932,3.138,-0.239,5.974,1.388,0.043,0.000,3.328,1.547,1.278,1.624,0.000,0.000,2.110,1.723,2.159,0.000,3.142,0.000,0.000,0.000,0.000,0.000,0.000,0.000,0.000,0.000,0.000,0.000,3.142,
7.702,11.027,3.260,-0.278,5.974,1.093,6.277,0.000,0.000,1.579,1.306,1.658,0.000,0.000,2.077,1.695,2.125,0.000,3.142,0.000,0.000,0.000,0.000,0.000,0.000,0.000,0.000,0.000,0.000,0.000,3.142,
7.813,11.138,3.345,-0.305,5.974,0.819,6.277,0.000,0.000,1.612,1.332,1.693,0.000,0.000,2.044,1.669,2.092,0.000,3.142,0.000,0.000,0.000,0.000,0.000,0.000,0.000,0.000,0.000,0.000,0.000,3.142,
7.909,11.233,3.429,-0.332,5.974,1.011,6.277,0.000,0.000,1.651,1.365,1.734,0.000,0.000,2.004,1.636,2.052,0.000,3.142,0.000,0.000,0.000,0.000,0.000,0.000,0.000,0.000,0.000,0.000,0.000,3.142,
8.007,11.331,3.531,-0.364,5.974,1.102,6.277,0.000,0.000,1.689,1.396,1.774,0.000,0.000,1.966,1.605,2.012,0.000,3.142,0.000,0.000,0.000,0.000,0.000,0.000,0.000,0.000,0.000,0.000,0.000,3.142,
8.111,11.435,3.630,-0.395,5.975,0.994,6.277,0.000,0.000,1.724,1.425,1.811,0.000,4.436,1.930,1.576,1.976,0.000,3.142,0.000,0.000,0.000,0.000,0.000,0.000,0.000,0.000,0.000,0.000,0.000,3.142,
8.218,11.542,3.721,-0.424,5.975,0.972,6.277,0.000,0.000,1.760,1.455,1.849,0.000,4.345,1.893,1.546,1.939,0.000,3.142,0.000,0.000,0.000,0.000,0.000,0.000,0.000,0.000,0.000,0.000,0.000,3.142,
8.303,11.627,3.815,-0.454,5.975,1.028,6.277,0.000,0.000,1.797,1.486,1.888,0.000,4.447,1.855,1.515,1.900,0.000,3.142,0.000,0.000,0.000,0.000,0.000,0.000,0.000,0.000,0.000,0.000,0.000,3.142,
8.401,11.725,3.912,-0.485,5.975,1.027,6.277,0.000,0.000,1.834,1.516,1.927,0.000,4.548,1.818,1.485,1.862,0.000,3.142,0.000,0.000,0.000,0.000,0.000,0.000,0.000,0.000,0.000,0.000,0.000,3.142,
8.510,11.834,4.007,-0.515,5.975,1.001,6.277,0.000,0.000,1.871,1.546,1.964,0.000,4.584,1.782,1.455,1.824,0.000,3.142,0.000,0.000,0.000,0.000,0.000,0.000,0.000,0.000,0.000,0.000,0.000,3.142,
8.616,11.940,4.100,-0.545,5.974,1.006,6.273,0.000,0.000,1.908,1.577,2.002,0.000,4.495,1.746,1.425,1.785,0.000,3.142,0.000,0.000,0.000,0.000,0.000,0.000,0.000,0.000,0.000,0.000,0.000,3.142,
8.713,12.037,4.195,-0.576,5.974,1.017,6.274,0.000,4.995,1.945,1.607,2.040,0.000,4.404,1.709,1.394,1.747,0.000,3.142,0.000,0.000,0.000,0.000,0.000,0.000,0.000,0.000,0.000,0.000,0.000,3.142,
8.806,12.131,4.291,-0.606,5.973,1.013,6.278,0.000,4.894,1.982,1.637,2.078,0.000,4.311,1.672,1.364,1.708,0.000,3.142,0.000,0.000,0.000,0.000,0.000,0.000,0.000,0.000,0.000,0.000,0.000,3.142,
8.909,12.233,4.386,-0.636,5.973,1.008,6.279,0.000,4.793,2.019,1.668,2.116,0.000,4.218,1.635,1.333,1.670,0.000,3.142,0.000,0.000,0.000,0.000,0.000,0.000,0.000,0.000,0.000,0.000,0.000,3.142,
9.003,12.327,4.480,-0.667,5.973,1.011,6.278,0.000,4.692,2.056,1.698,2.154,0.000,4.124,1.598,1.303,1.632,0.000,3.142,0.000,0.000,0.000,0.000,0.000,0.000,0.000,0.000,0.000,0.000,0.000,3.142,
9.106,12.430,4.575,-0.697,5.973,1.013,6.278,0.000,4.591,2.093,1.728,2.193,0.000,4.030,1.561,1.273,1.593,0.000,3.142,0.000,0.000,0.000,0.000,0.000,0.000,0.000,0.000,0.000,0.000,0.000,3.142,
9.203,12.527,4.670,-0.728,5.973,1.011,6.278,0.000,4.490,2.130,1.759,2.231,0.000,3.935,1.524,1.242,1.555,0.000,3.142,0.000,0.000,0.000,0.000,0.000,0.000,0.000,0.000,0.000,0.000,0.000,3.142,
9.313,12.637,4.765,-0.758,5.973,1.011,6.278,0.000,4.390,2.167,1.789,2.270,0.000,3.839,1.486,1.212,1.517,0.000,3.142,0.000,0.000,0.000,0.000,0.000,0.000,0.000,0.000,0.000,0.000,0.000,3.142,
9.410,12.734,4.860,-0.788,5.972,1.012,6.278,0.000,4.289,2.204,1.820,2.308,0.000,3.743,1.449,1.181,1.479,0.000,3.142,0.000,0.000,0.000,0.000,0.000,0.000,0.000,0.000,0.000,0.000,0.000,3.142,
9.507,12.831,4.955,-0.819,5.972,1.012,6.278,0.000,4.188,2.046,1.850,2.347,0.000,3.647,1.412,1.151,1.441,0.000,3.142,0.000,0.000,0.000,0.000,0.000,0.000,0.000,0.000,0.000,0.000,0.000,3.142,
9.610,12.934,5.049,-0.849,5.972,1.011,6.278,0.000,4.088,2.076,1.881,2.385,0.000,3.551,1.375,1.120,1.403,0.000,3.142,0.000,0.000,0.000,0.000,0.000,0.000,0.000,0.000,0.000,0.000,0.000,3.142,
9.704,13.028,5.144,-0.880,5.972,1.011,6.278,0.000,3.987,0.000,1.911,2.424,0.000,3.454,1.337,1.090,1.365,0.000,3.142,0.000,0.000,0.000,0.000,0.000,0.000,0.000,0.000,0.000,0.000,0.000,3.142,
9.813,13.137,5.239,-0.910,5.972,1.012,6.277,0.000,3.887,0.000,1.942,2.463,0.000,3.358,1.300,1.060,1.326,0.000,3.142,0.000,0.000,0.000,0.000,0.000,0.000,0.000,0.000,0.000,0.000,0.000,3.142,
9.916,13.240,5.334,-0.941,5.972,1.012,6.277,0.000,3.786,0.000,1.972,2.501,0.000,3.261,1.262,1.029,1.288,0.000,3.142,0.000,0.000,0.000,0.000,0.000,0.000,0.000,0.000,0.000,0.000,0.000,3.142,
10.010,13.334,5.429,-0.971,5.972,1.011,6.277,0.000,3.686,3.219,2.002,2.540,0.000,3.164,1.225,0.999,1.250,0.000,3.142,0.000,0.000,0.000,0.000,0.000,0.000,0.000,0.000,0.000,0.000,0.000,3.142,
10.108,13.432,5.524,-1.001,5.972,1.011,6.277,0.000,3.585,3.126,2.033,2.579,0.000,3.067,1.188,0.968,1.212,0.000,3.142,0.000,0.000,0.000,0.000,0.000,0.000,0.000,0.000,0.000,0.000,0.000,3.142,
10.212,13.536,5.619,-1.032,5.972,1.012,6.277,0.000,3.485,3.081,2.063,2.617,0.000,2.971,1.150,0.938,1.174,0.000,3.142,0.000,0.000,0.000,0.000,0.000,0.000,0.000,0.000,0.000,0.000,0.000,3.142,
10.309,13.633,5.713,-1.062,5.973,1.012,6.277,0.000,3.384,3.074,2.094,2.656,0.000,2.874,1.113,0.907,1.136,0.000,3.142,0.000,0.000,0.000,0.000,0.000,0.000,0.000,0.000,0.000,0.000,0.000,3.142,
10.420,13.744,5.808,-1.093,5.973,1.011,6.277,0.000,3.284,3.120,2.124,2.695,0.000,2.777,1.076,0.877,0.000,0.000,3.142,0.000,0.000,0.000,0.000,0.000,0.000,0.000,0.000,0.000,0.000,0.000,3.142,
10.515,13.840,5.903,-1.123,5.973,1.012,6.277,0.000,3.183,0.000,2.155,2.734,0.000,2.680,1.038,0.847,4.987,0.000,3.142,0.000,0.000,0.000,0.000,0.000,0.000,0.000,0.000,0.000,0.000,0.000,3.142,
10.615,13.940,5.998,-1.154,5.973,1.012,6.277,0.000,3.082,0.000,2.185,2.772,0.000,2.584,1.001,0.816,4.829,0.000,3.142,0.000,0.000,0.000,0.000,0.000,0.000,0.000,0.000,0.000,0.000,0.000,3.142,
10.716,14.040,6.093,-1.184,5.973,1.011,6.277,0.000,2.982,4.981,2.215,2.811,0.000,2.487,0.964,0.786,4.671,0.000,3.142,0.000,0.000,0.000,0.000,0.000,0.000,0.000,0.000,0.000,0.000,0.000,3.142,
10.809,14.133,6.188,-1.214,5.973,1.011,6.277,0.000,2.881,4.725,2.079,2.850,0.000,2.390,0.926,0.755,4.513,0.000,3.142,0.000,0.000,0.000,0.000,0.000,0.000,0.000,0.000,0.000,0.000,0.000,3.142,
10.916,14.240,6.283,-1.245,5.973,1.012,6.277,0.000,2.781,4.602,2.110,2.888,0.000,2.294,0.889,0.725,4.355,0.000,3.142,0.000,0.000,0.000,0.000,0.000,0.000,0.000,0.000,0.000,0.000,0.000,3.142,
11.005,14.329,6.377,-1.275,5.973,1.011,6.277,0.000,2.680,4.639,2.140,2.927,0.000,2.197,0.852,0.695,4.197,0.000,3.142,0.000,0.000,0.000,0.000,0.000,0.000,0.000,0.000,0.000,0.000,0.000,3.142,
11.102,14.427,6.472,-1.306,5.973,1.012,6.277,0.000,2.580,0.000,2.337,2.966,0.000,2.101,0.814,0.000,4.039,0.000,3.142,0.000,0.000,0.000,0.000,0.000,0.000,0.000,0.000,0.000,0.000,0.000,3.142,
11.210,14.535,6.567,-1.336,5.973,1.012,6.277,0.000,2.479,0.000,4.701,3.005,0.000,2.004,0.777,0.000,3.881,0.000,3.142,0.000,0.000,0.000,0.000,0.000,0.000,0.000,0.000,0.000,0.000,0.000,3.142,
11.310,14.634,6.662,-1.366,5.973,1.011,6.277,0.000,2.379,0.000,0.000,3.043,0.000,1.908,0.740,0.000,3.724,0.000,3.142,0.000,0.000,0.000,0.000,0.000,0.000,0.000,0.000,0.000,0.000,0.000,3.142,
11.414,14.738,6.757,-1.397,5.973,1.012,6.277,0.000,2.278,0.000,0.000,3.082,0.000,1.811,0.703,0.000,3.566,0.000,3.142,0.000,0.000,0.000,0.000,0.000,0.000,0.000,0.000,0.000,0.000,0.000,3.142,
11.510,14.834,6.852,-1.427,5.973,1.012,6.277,0.000,2.178,3.551,0.000,3.121,0.000,1.715,0.772,0.000,3.408,0.000,3.142,0.000,0.000,0.000,0.000,0.000,0.000,0.000,0.000,0.000,0.000,0.000,3.142,
11.602,14.926,6.947,-1.457,5.973,1.012,6.277,4.904,2.102,3.418,0.000,3.146,4.757,1.651,0.892,0.000,3.297,0.000,3.106,0.000,0.000,0.000,0.000,0.000,0.000,0.000,0.000,0.000,0.000,0.000,3.142,
11.715,15.040,7.017,-1.480,5.972,0.331,0.071,4.623,2.094,3.423,0.000,3.098,0.000,1.757,0.859,0.000,3.393,0.000,3.142,0.000,0.000,0.000,0.000,0.000,0.000,0.000,0.000,0.000,0.000,0.000,3.142,
11.806,15.131,7.011,-1.478,5.953,-0.305,5.407,2.476,2.048,2.957,3.113,2.839,0.000,3.072,0.736,3.670,4.209,0.000,3.142,0.000,0.000,0.000,0.000,0.000,0.000,0.000,0.000,0.000,0.000,0.000,3.142,
11.903,15.227,6.989,-1.470,5.825,-0.111,4.653,2.306,2.014,2.643,3.008,2.683,4.554,0.000,0.831,4.194,0.000,0.000,2.229,0.000,0.000,0.000,0.000,0.000,0.000,0.000,0.000,0.000,0.000,0.000,3.142,
12.012,15.336,6.992,-1.471,5.710,0.119,5.070,2.521,0.000,2.443,0.000,2.419,3.982,0.000,0.939,1.442,0.000,0.000,2.299,0.000,0.000,0.000,0.000,0.000,0.000,0.000,0.000,0.000,0.000,0.000,3.142,
12.111,15.435,6.998,-1.475,5.612,0.045,5.095,2.747,0.000,2.293,4.806,2.526,3.548,0.000,1.113,1.152,0.000,0.000,2.404,0.000,0.000,0.000,0.000,0.000,0.000,0.000,0.000,0.000,0.000,0.000,3.142,
12.203,15.527,6.998,-1.475,5.511,-0.042,5.128,3.029,0.000,2.192,0.000,4.556,3.247,0.000,1.362,0.963,0.000,0.000,2.510,0.000,0.000,0.000,0.000,0.000,0.000,0.000,0.000,0.000,0.000,0.000,3.142,
12.301,15.625,6.995,-1.472,5.418,-0.017,5.096,3.464,3.329,2.104,3.405,0.000,2.994,3.671,1.833,0.823,0.000,0.000,2.615,0.000,0.000,0.000,0.000,0.000,0.000,0.000,0.000,0.000,0.000,0.000,3.142,
12.420,15.744,6.996,-1.472,5.312,0.020,4.925,4.270,2.417,2.036,2.914,3.051,2.775,0.000,3.237,0.738,3.473,0.000,2.755,0.000,0.000,0.000,0.000,0.000,0.000,0.000,0.000,0.000,0.000,0.000,3.142,
12.513,15.837,6.997,-1.473,5.183,-0.001,5.119,4.965,2.255,2.015,2.712,2.971,2.682,4.798,0.000,0.798,2.612,0.000,2.826,0.000,0.000,0.000,0.000,0.000,0.000,0.000,0.000,0.000,0.000,0.000,3.142,
12.610,15.934,6.997,-1.472,5.110,-0.003,5.130,0.000,2.467,1.953,2.498,0.000,2.412,4.135,0.000,0.905,1.438,0.000,2.931,0.000,0.000,0.000,0.000,0.000,0.000,0.000,0.000,0.000,0.000,0.000,3.142,
12.703,16.028,6.997,-1.472,5.011,0.001,4.995,0.000,2.685,0.000,2.327,0.000,2.601,3.640,0.000,1.068,1.215,0.000,3.036,0.000,0.000,0.000,0.000,0.000,0.000,0.000,0.000,0.000,0.000,0.000,3.142,
12.817,16.141,6.998,-1.472,4.905,0.001,5.001,0.000,2.972,0.000,2.205,0.000,0.000,3.292,0.000,1.312,0.994,0.000,3.142,0.000,0.000,0.000,0.000,0.000,0.000,0.000,0.000,0.000,0.000,0.000,3.142,
12.910,16.235,6.998,-1.472,4.802,-0.001,5.036,0.000,3.365,4.806,2.116,3.417,0.000,3.035,2.932,1.720,0.849,0.000,3.142,0.000,0.000,0.000,0.000,0.000,0.000,0.000,0.000,0.000,0.000,0.000,3.142,
13.014,16.339,6.998,-1.471,4.700,-0.001,5.026,0.000,3.937,2.674,2.054,3.061,3.093,2.841,2.756,2.553,0.747,0.000,2.966,0.000,0.000,0.000,0.000,0.000,0.000,0.000,0.000,0.000,0.000,0.000,3.142,
13.110,16.434,6.998,-1.471,4.596,0.000,5.017,2.606,4.811,2.236,2.016,2.745,2.991,2.696,4.909,0.000,0.788,0.000,3.071,0.000,0.000,0.000,0.000,0.000,0.000,0.000,0.000,0.000,0.000,0.000,3.142,
13.213,16.537,6.999,-1.471,4.492,-0.001,5.025,1.484,0.000,2.449,1.951,2.512,0.000,2.417,4.182,0.000,0.896,0.000,3.142,0.000,0.000,0.000,0.000,0.000,0.000,0.000,0.000,0.000,0.000,0.000,3.142,
13.315,16.639,6.999,-1.471,4.387,-0.002,5.033,1.246,0.000,2.660,0.000,2.338,4.801,2.522,3.676,0.000,1.053,0.000,3.071,0.000,0.000,0.000,0.000,0.000,0.000,0.000,0.000,0.000,0.000,0.000,3.142,
13.415,16.739,6.999,-1.471,4.283,-0.002,5.042,1.078,0.000,2.840,0.000,2.249,0.000,3.789,3.422,0.000,1.200,0.000,3.142,0.000,0.000,0.000,0.000,0.000,0.000,0.000,0.000,0.000,0.000,0.000,3.142,
13.510,16.834,7.000,-1.471,4.213,0.004,0.150,1.227,0.000,2.676,0.000,2.329,4.731,2.574,3.650,0.000,1.064,0.000,3.071,0.000,0.000,0.000,0.000,0.000,0.000,0.000,0.000,0.000,0.000,0.000,3.142,
13.608,16.932,6.999,-1.471,4.276,0.010,0.504,1.195,0.000,2.705,0.000,2.313,4.498,2.739,3.604,0.000,1.087,0.000,3.071,0.000,0.000,0.000,0.000,0.000,0.000,0.000,0.000,0.000,0.000,0.000,3.142,
13.701,17.025,6.999,-1.472,4.264,0.009,5.376,1.046,0.000,2.885,0.000,2.233,0.000,4.267,3.376,0.000,1.234,0.000,3.142,0.000,0.000,0.000,0.000,0.000,0.000,0.000,0.000,0.000,0.000,0.000,3.142,
13.805,17.129,6.999,-1.472,4.198,0.006,0.309,1.206,0.000,2.693,0.000,2.321,4.550,2.659,3.627,0.000,1.073,0.000,3.071,0.000,0.000,0.000,0.000,0.000,0.000,0.000,0.000,0.000,0.000,0.000,3.142,
13.900,17.225,6.998,-1.473,4.269,0.017,0.632,1.224,0.000,2.678,0.000,2.330,4.733,2.569,3.653,0.000,1.059,0.000,3.071,0.000,0.000,0.000,0.000,0.000,0.000,0.000,0.000,0.000,0.000,0.000,3.142,
14.012,17.336,6.998,-1.474,4.276,0.000,6.277,1.239,0.000,2.665,0.000,2.338,4.791,2.525,1.646,0.000,1.049,0.000,3.071,0.000,0.000,0.000,0.000,0.000,0.000,0.000,0.000,0.000,0.000,0.000,3.142,
14.101,17.425,6.998,-1.474,4.281,0.002,6.187,1.086,0.000,2.826,0.000,2.258,4.540,3.616,1.602,0.000,1.177,0.000,3.106,0.000,0.000,0.000,0.000,0.000,0.000,0.000,0.000,0.000,0.000,0.000,3.142,
14.212,17.536,6.998,-1.475,4.219,0.009,4.892,0.877,0.000,3.266,0.000,2.133,3.439,0.000,3.091,0.000,1.596,0.000,2.159,0.000,0.000,0.000,0.000,0.000,0.000,0.000,0.000,0.000,0.000,0.000,3.142,
14.314,17.638,6.998,-1.475,4.091,0.000,4.797,0.762,0.000,3.826,2.775,2.063,2.999,0.000,2.874,0.000,2.343,0.000,2.264,0.000,0.000,0.000,0.000,0.000,0.000,0.000,0.000,0.000,0.000,0.000,3.142,
14.409,17.734,6.998,-1.475,3.982,0.003,5.775,0.851,0.000,3.357,4.819,2.117,3.342,0.000,1.229,0.000,1.697,0.000,2.194,0.000,0.000,0.000,0.000,0.000,0.000,0.000,0.000,0.000,0.000,0.000,3.142,
14.516,17.841,6.998,-1.475,4.070,0.009,2.420,1.094,0.000,2.815,0.000,2.262,4.533,3.520,1.131,0.000,1.164,0.000,3.106,0.000,0.000,0.000,0.000,0.000,0.000,0.000,0.000,0.000,0.000,0.000,3.142,
14.610,17.934,6.998,-1.476,4.223,0.006,0.005,0.924,0.000,3.130,0.000,2.162,3.523,0.000,1.036,0.000,1.450,0.000,2.124,0.000,0.000,0.000,0.000,0.000,0.000,0.000,0.000,0.000,0.000,0.000,3.142,
14.707,18.032,6.998,-1.476,4.125,-0.005,4.418,0.762,0.000,3.825,2.772,2.062,2.999,0.000,0.943,0.000,2.338,0.000,2.264,0.000,0.000,0.000,0.000,0.000,0.000,0.000,0.000,0.000,0.000,0.000,3.142,
14.816,18.141,6.999,-1.476,3.982,-0.001,4.943,0.755,2.613,4.515,2.276,2.025,2.732,2.972,0.881,0.000,3.900,0.000,2.369,0.000,0.000,0.000,0.000,0.000,0.000,0.000,0.000,0.000,0.000,0.000,3.142,
14.912,18.237,6.999,-1.477,3.890,0.004,5.235,0.838,4.205,0.000,2.380,1.955,2.527,0.000,0.838,4.456,0.000,0.000,2.475,0.000,0.000,0.000,0.000,0.000,0.000,0.000,0.000,0.000,0.000,0.000,3.142,
15.008,18.332,6.999,-1.477,3.798,-0.003,5.033,0.981,1.357,0.000,2.581,0.000,2.339,0.000,0.804,3.838,0.000,0.000,2.580,0.000,0.000,0.000,0.000,0.000,0.000,0.000,0.000,0.000,0.000,0.000,3.142,
15.102,18.426,6.999,-1.477,3.686,-0.006,4.931,1.164,1.097,0.000,2.814,0.000,2.220,4.535,0.790,3.461,0.000,0.000,2.650,0.000,0.000,0.000,0.000,0.000,0.000,0.000,0.000,0.000,0.000,0.000,3.142,
15.209,18.533,7.000,-1.477,3.590,-0.001,5.333,1.331,0.980,0.000,3.004,0.000,2.159,0.000,0.822,3.269,0.000,0.000,2.720,0.000,0.000,0.000,0.000,0.000,0.000,0.000,0.000,0.000,0.000,0.000,3.142,
15.314,18.639,7.000,-1.477,3.528,0.004,5.546,1.533,0.897,0.000,3.210,0.000,2.115,3.423,0.967,3.124,0.000,0.000,2.791,0.000,0.000,0.000,0.000,0.000,0.000,0.000,0.000,0.000,0.000,0.000,3.142,
15.403,18.728,7.000,-1.477,3.472,0.004,5.547,1.787,0.834,0.000,3.435,3.361,2.081,3.264,0.000,3.010,0.000,0.000,2.826,0.000,0.000,0.000,0.000,0.000,0.000,0.000,0.000,0.000,0.000,0.000,3.142,
15.513,18.837,7.000,-1.477,3.421,0.001,5.665,2.044,0.795,0.000,3.631,3.013,2.060,3.113,0.000,2.934,0.000,0.000,2.861,0.000,0.000,0.000,0.000,0.000,0.000,0.000,0.000,0.000,0.000,0.000,3.142,
15.606,18.931,7.000,-1.477,3.383,0.001,5.813,2.176,0.779,0.000,3.722,2.889,2.052,0.998,0.000,2.905,0.000,0.000,2.896,0.000,0.000,0.000,0.000,0.000,0.000,0.000,0.000,0.000,0.000,0.000,3.142,
15.702,19.026,7.000,-1.477,3.367,-0.001,0.011,1.840,0.825,0.000,3.477,3.274,2.076,0.976,0.000,2.992,0.000,0.000,2.861,0.000,0.000,0.000,0.000,0.000,0.000,0.000,0.000,0.000,0.000,0.000,3.142,
15.802,19.126,7.000,-1.477,3.412,0.000,1.281,1.286,1.005,0.000,2.956,0.000,2.173,1.099,4.831,3.312,0.000,0.000,2.720,0.000,0.000,0.000,0.000,0.000,0.000,0.000,0.000,0.000,0.000,0.000,3.142,
15.911,19.235,7.000,-1.477,3.543,0.007,1.570,1.032,1.255,0.000,2.652,0.000,2.297,4.843,2.531,3.702,0.000,0.000,2.615,0.000,0.000,0.000,0.000,0.000,0.000,0.000,0.000,0.000,0.000,0.000,3.142,
16.011,19.335,6.999,-1.478,3.655,0.013,1.210,0.892,1.450,0.000,2.462,1.952,1.347,0.000,2.420,4.156,0.000,0.000,2.510,0.000,0.000,0.000,0.000,0.000,0.000,0.000,0.000,0.000,0.000,0.000,3.142,
16.116,19.440,6.998,-1.478,3.749,0.000,1.190,0.786,2.604,4.920,2.249,2.014,1.186,3.017,2.692,4.839,0.000,0.000,2.404,0.000,0.000,0.000,0.000,0.000,0.000,0.000,0.000,0.000,0.000,0.000,3.142,
16.205,19.529,6.998,-1.478,3.850,-0.001,1.293,0.740,4.659,3.996,2.604,2.050,1.232,3.059,2.835,0.000,2.627,0.000,2.299,0.000,0.000,0.000,0.000,0.000,0.000,0.000,0.000,0.000,0.000,0.000,3.142,
16.308,19.633,6.998,-1.478,3.956,0.007,1.279,0.839,0.000,3.407,4.649,2.110,3.296,0.000,3.025,0.000,1.745,0.000,2.194,0.000,0.000,0.000,0.000,0.000,0.000,0.000,0.000,0.000,0.000,0.000,3.142,
16.415,19.740,6.998,-1.478,4.059,0.005,1.251,0.981,0.000,2.996,0.000,2.198,0.000,0.000,3.281,0.000,1.316,0.000,3.142,0.000,0.000,0.000,0.000,0.000,0.000,0.000,0.000,0.000,0.000,0.000,3.142,
16.500,19.824,6.998,-1.479,4.163,0.002,1.258,1.202,0.000,2.696,0.000,2.321,4.543,2.668,3.631,0.000,1.063,0.000,3.071,0.000,0.000,0.000,0.000,0.000,0.000,0.000,0.000,0.000,0.000,0.000,3.142,
16.605,19.929,6.998,-1.479,4.268,0.003,1.257,1.426,0.000,2.476,1.952,1.264,0.000,2.415,4.117,0.000,0.900,0.000,3.142,0.000,0.000,0.000,0.000,0.000,0.000,0.000,0.000,0.000,0.000,0.000,3.142,
16.713,20.038,6.998,-1.479,4.373,0.002,1.235,2.607,0.000,2.260,2.013,1.232,3.038,2.685,4.780,0.000,0.791,0.000,3.106,0.000,0.000,0.000,0.000,0.000,0.000,0.000,0.000,0.000,0.000,0.000,3.142,
16.814,20.138,6.998,-1.479,4.474,0.007,1.192,4.069,4.107,2.512,2.044,1.255,3.017,2.813,0.000,2.834,0.726,0.000,3.001,0.000,0.000,0.000,0.000,0.000,0.000,0.000,0.000,0.000,0.000,0.000,3.142,
16.909,20.233,6.997,-1.480,4.572,0.003,1.167,0.000,3.573,3.102,2.089,1.383,0.000,2.960,0.000,1.948,0.802,0.000,3.142,0.000,0.000,0.000,0.000,0.000,0.000,0.000,0.000,0.000,0.000,0.000,3.142,
17.019,20.343,6.997,-1.480,4.658,-0.001,0.933,0.000,3.279,0.000,2.132,3.515,0.000,3.091,0.000,1.594,0.872,0.000,3.142,0.000,0.000,0.000,0.000,0.000,0.000,0.000,0.000,0.000,0.000,0.000,3.142,
17.108,20.432,6.997,-1.480,4.720,-0.002,0.693,0.000,3.087,0.000,2.173,0.000,0.000,3.211,0.000,1.398,0.940,0.000,3.142,0.000,0.000,0.000,0.000,0.000,0.000,0.000,0.000,0.000,0.000,0.000,3.142,
17.216,20.540,6.997,-1.480,4.769,-0.001,0.628,0.000,2.939,0.000,2.217,0.000,4.836,3.335,0.000,1.261,1.012,0.000,3.106,0.000,0.000,0.000,0.000,0.000,0.000,0.000,0.000,0.000,0.000,0.000,3.142,
17.313,20.637,6.997,-1.480,4.813,0.000,0.552,0.000,2.834,0.000,2.255,1.102,3.684,3.445,0.000,1.172,1.079,0.000,3.071,0.000,0.000,0.000,0.000,0.000,0.000,0.000,0.000,0.000,0.000,0.000,3.142,
17.407,20.731,6.997,-1.480,4.848,-0.001,0.440,0.000,2.762,0.000,2.288,0.958,3.084,3.537,0.000,1.112,1.137,0.000,3.036,0.000,0.000,0.000,0.000,0.000,0.000,0.000,0.000,0.000,0.000,0.000,3.142,
17.516,20.840,6.997,-1.480,4.874,0.000,0.373,0.000,2.704,0.000,2.317,0.840,2.708,3.621,0.000,1.067,1.193,0.000,3.036,0.000,0.000,0.000,0.000,0.000,0.000,0.000,0.000,0.000,0.000,0.000,3.142,
17.604,20.928,6.997,-1.480,4.897,0.000,0.338,0.000,2.659,0.000,2.344,0.785,2.532,3.697,0.000,1.032,1.245,0.000,3.001,0.000,0.000,0.000,0.000,0.000,0.000,0.000,0.000,0.000,0.000,0.000,3.142,
17.715,21.039,6.997,-1.480,4.916,0.000,0.290,0.000,2.625,0.000,2.365,0.767,2.540,3.759,0.000,1.006,1.289,0.000,3.001,0.000,0.000,0.000,0.000,0.000,0.000,0.000,0.000,0.000,0.000,0.000,3.142,
17.811,21.135,6.997,-1.480,4.931,0.000,0.249,0.000,2.598,0.000,2.384,0.843,2.547,3.813,0.000,0.986,1.329,0.000,2.510,0.000,0.000,0.000,0.000,0.000,0.000,0.000,0.000,0.000,0.000,0.000,3.142,
17.913,21.237,6.997,-1.480,4.943,0.000,0.221,0.000,2.577,0.000,2.400,0.000,0.810,3.859,0.000,0.970,1.363,0.000,2.615,0.000,0.000,0.000,0.000,0.000,0.000,0.000,0.000,0.000,0.000,0.000,3.142,
18.008,21.332,6.997,-1.480,4.953,-0.001,0.195,0.000,2.559,0.000,2.413,0.000,0.738,3.898,0.000,0.958,1.393,0.000,2.615,0.000,0.000,0.000,0.000,0.000,0.000,0.000,0.000,0.000,0.000,0.000,3.142,
18.107,21.432,6.997,-1.480,4.962,0.000,0.167,0.000,2.546,0.000,2.424,0.000,0.748,3.930,0.000,0.948,1.418,0.000,2.896,0.000,0.000,0.000,0.000,0.000,0.000,0.000,0.000,0.000,0.000,0.000,3.142,
18.218,21.542,6.997,-1.480,4.969,-0.001,0.151,0.000,2.535,0.000,2.433,0.000,0.831,3.957,0.000,0.940,1.439,0.000,2.966,0.000,0.000,0.000,0.000,0.000,0.000,0.000,0.000,0.000,0.000,0.000,3.142,
18.308,21.632,6.997,-1.480,4.974,0.000,0.128,0.000,2.527,0.000,2.441,0.000,2.398,3.979,0.000,0.934,1.438,0.000,2.931,0.000,0.000,0.000,0.000,0.000,0.000,0.000,0.000,0.000,0.000,0.000,3.142,
18.408,21.732,6.997,-1.480,4.978,-0.001,0.116,0.000,2.517,0.000,2.449,0.000,2.402,4.005,0.000,0.926,1.435,0.000,2.931,0.000,0.000,0.000,0.000,0.000,0.000,0.000,0.000,0.000,0.000,0.000,3.142,
18.503,21.827,6.997,-1.481,4.983,0.097,0.192,0.000,2.484,4.995,2.447,0.000,2.458,4.126,0.000,0.829,1.401,0.000,2.931,0.000,0.000,0.000,0.000,0.000,0.000,0.000,0.000,0.000,0.000,0.000,3.142,
18.609,21.933,7.011,-1.529,4.992,0.912,0.217,0.000,2.427,4.960,2.419,0.000,2.587,4.364,0.000,0.666,3.906,0.000,2.931,0.000,0.000,0.000,0.000,0.000,0.000,0.000,0.000,0.000,0.000,0.000,3.142,
18.716,22.040,7.045,-1.647,5.000,1.404,0.004,0.000,2.384,4.926,2.376,0.000,2.708,4.556,0.000,0.708,3.983,0.000,2.966,0.000,0.000,0.000,0.000,0.000,0.000,0.000,0.000,0.000,0.000,0.000,3.142,
18.808,22.133,7.079,-1.764,5.000,0.997,6.280,0.000,2.355,4.902,2.346,0.000,2.793,4.690,0.000,0.737,2.301,0.000,2.966,0.000,0.000,0.000,0.000,0.000,0.000,0.000,0.000,0.000,0.000,0.000,3.142,
18.903,22.227,7.103,-1.845,5.000,0.830,6.280,0.000,2.322,0.000,2.314,0.000,2.885,4.835,0.000,0.769,2.207,0.000,2.966,0.000,0.000,0.000,0.000,0.000,0.000,0.000,0.000,0.000,0.000,0.000,3.142,
19.003,22.327,7.129,-1.933,5.000,1.054,6.280,0.000,2.284,0.000,2.276,0.000,2.993,2.140,0.660,0.806,2.098,0.000,2.966,0.000,0.000,0.000,0.000,0.000,0.000,0.000,0.000,0.000,0.000,0.000,3.142,
19.120,22.444,7.160,-2.037,4.999,1.088,6.280,0.000,2.242,4.959,2.234,0.000,3.113,2.301,0.694,0.848,2.004,0.000,2.966,0.000,0.000,0.000,0.000,0.000,0.000,0.000,0.000,0.000,0.000,0.000,3.142,
19.208,22.532,7.194,-2.153,4.999,0.966,6.280,0.000,2.215,4.876,2.207,0.000,3.189,2.408,0.716,0.874,2.226,0.000,2.966,0.000,0.000,0.000,0.000,0.000,0.000,0.000,0.000,0.000,0.000,0.000,3.142,
19.304,22.628,7.216,-2.226,4.999,0.983,6.281,0.000,2.180,4.767,2.172,0.000,3.289,2.569,0.744,0.889,2.314,0.000,3.001,0.000,0.000,0.000,0.000,0.000,0.000,0.000,0.000,0.000,0.000,0.000,3.142,
19.415,22.739,7.244,-2.321,4.999,1.034,6.280,0.000,2.145,4.830,2.136,0.000,3.391,2.740,0.773,0.883,2.403,0.000,3.001,0.000,0.000,0.000,0.000,0.000,0.000,0.000,0.000,0.000,0.000,0.000,3.142,
19.519,22.843,7.273,-2.419,4.999,1.021,6.280,0.000,2.110,4.916,2.101,0.000,3.490,2.912,0.801,0.000,2.490,0.000,3.001,0.000,0.000,0.000,0.000,0.000,0.000,0.000,0.000,0.000,0.000,0.000,3.142,
19.607,22.931,7.301,-2.514,4.999,0.999,6.280,0.000,2.075,1.621,2.005,0.000,3.588,3.076,0.829,0.000,2.576,0.000,3.001,0.000,0.000,0.000,0.000,0.000,0.000,0.000,0.000,0.000,0.000,0.000,3.142,
19.710,23.034,7.329,-2.609,4.999,1.010,6.280,0.000,2.040,1.643,2.053,0.000,3.688,1.079,0.857,0.000,2.664,0.000,3.001,0.000,0.000,0.000,0.000,0.000,0.000,0.000,0.000,0.000,0.000,0.000,3.142,
19.810,23.135,7.357,-2.704,4.999,1.018,6.280,0.000,2.005,1.615,0.000,0.000,3.788,1.114,0.886,0.000,2.751,0.000,3.001,0.000,0.000,0.000,0.000,0.000,0.000,0.000,0.000,0.000,0.000,0.000,3.142,
19.901,23.225,7.385,-2.800,4.999,1.011,6.280,0.000,1.970,1.586,0.000,0.000,3.888,1.150,0.864,0.000,2.838,0.000,3.036,0.000,0.000,0.000,0.000,0.000,0.000,0.000,0.000,0.000,0.000,0.000,3.142,
20.016,23.340,7.414,-2.896,4.999,1.009,6.280,0.000,1.936,1.558,0.000,0.000,3.987,1.185,0.892,0.000,2.925,0.000,3.036,0.000,0.000,0.000,0.000,0.000,0.000,0.000,0.000,0.000,0.000,0.000,3.142,
20.120,23.444,7.442,-2.991,4.999,1.012,6.280,0.000,1.894,1.524,0.000,4.828,4.107,1.228,2.982,0.000,3.029,0.000,3.036,0.000,0.000,0.000,0.000,0.000,0.000,0.000,0.000,0.000,0.000,0.000,3.142,
20.205,23.529,7.476,-3.106,4.999,1.012,6.280,0.000,1.866,1.502,0.000,4.754,4.186,1.256,0.000,0.000,3.099,0.000,3.036,0.000,0.000,0.000,0.000,0.000,0.000,0.000,0.000,0.000,0.000,0.000,3.142,
20.315,23.639,7.498,-3.182,4.999,1.011,6.280,4.926,1.831,1.474,0.000,4.825,4.286,1.292,0.000,1.300,3.186,0.000,3.036,0.000,0.000,0.000,0.000,0.000,0.000,0.000,0.000,0.000,0.000,0.000,3.142,
20.410,23.734,7.526,-3.278,4.999,1.011,6.280,4.833,1.796,1.446,0.000,4.731,4.385,1.327,0.000,1.226,3.273,0.000,3.036,0.000,0.000,0.000,0.000,0.000,0.000,0.000,0.000,0.000,0.000,0.000,3.142,
20.514,23.839,7.554,-3.373,4.999,1.012,6.280,4.739,1.761,1.417,0.000,4.638,4.485,1.363,4.756,1.322,0.000,0.000,3.071,0.000,0.000,0.000,0.000,0.000,0.000,0.000,0.000,0.000,0.000,0.000,3.142,
20.613,23.937,7.583,-3.469,4.999,1.012,6.280,4.646,1.726,1.389,1.655,4.545,4.584,1.398,4.784,1.356,0.000,0.000,3.071,0.000,0.000,0.000,0.000,0.000,0.000,0.000,0.000,0.000,0.000,0.000,3.142,
20.706,24.030,7.611,-3.565,4.998,1.011,6.280,4.553,1.691,1.361,1.653,4.452,4.684,1.434,3.266,1.390,0.000,0.000,3.071,0.000,0.000,0.000,0.000,0.000,0.000,0.000,0.000,0.000,0.000,0.000,3.142,
20.807,24.132,7.639,-3.660,4.998,1.012,6.280,4.460,1.656,1.333,1.648,4.359,4.783,1.406,3.260,1.424,0.000,0.000,3.071,0.000,0.000,0.000,0.000,0.000,0.000,0.000,0.000,0.000,0.000,0.000,3.142,
20.903,24.227,7.667,-3.756,4.998,1.012,6.280,4.367,1.621,1.305,1.613,4.266,4.883,1.442,3.253,1.459,0.000,0.000,3.106,0.000,0.000,0.000,0.000,0.000,0.000,0.000,0.000,0.000,0.000,0.000,3.142,
21.003,24.327,7.695,-3.851,4.998,1.012,6.280,4.274,1.587,1.277,1.578,4.174,4.982,1.570,3.247,1.493,0.000,0.000,3.106,0.000,0.000,0.000,0.000,0.000,0.000,0.000,0.000,0.000,0.000,0.000,3.142,
21.105,24.429,7.723,-3.947,4.998,1.012,6.280,4.180,1.552,1.249,1.543,4.081,0.000,1.727,3.240,1.527,0.000,0.000,3.142,0.000,0.000,0.000,0.000,0.000,0.000,0.000,0.000,0.000,0.000,0.000,3.142,
21.217,24.541,7.751,-4.042,4.998,1.012,6.280,4.087,1.517,1.221,1.508,3.988,0.000,2.089,1.230,1.561,0.000,0.000,3.142,0.000,0.000,0.000,0.000,0.000,0.000,0.000,0.000,0.000,0.000,0.000,3.142,
21.315,24.639,7.780,-4.138,4.998,1.011,6.280,3.994,1.482,1.192,1.473,3.895,0.000,2.619,1.308,1.596,0.000,0.000,3.142,0.000,0.000,0.000,0.000,0.000,0.000,0.000,0.000,0.000,0.000,0.000,3.142,
21.414,24.738,7.808,-4.233,4.998,1.012,6.280,3.901,1.447,1.164,1.439,3.803,0.000,3.667,1.336,1.630,4.935,0.000,3.142,0.000,0.000,0.000,0.000,0.000,0.000,0.000,0.000,0.000,0.000,0.000,3.142,
21.505,24.830,7.836,-4.329,4.998,1.012,6.280,3.807,1.412,1.136,1.404,3.710,0.000,3.824,1.364,1.664,4.834,0.000,3.142,0.000,0.000,0.000,0.000,0.000,0.000,0.000,0.000,0.000,0.000,0.000,3.142,
21.618,24.942,7.864,-4.425,4.998,1.012,6.280,3.714,1.377,1.108,1.369,3.618,0.000,3.981,1.392,1.698,4.733,0.000,3.142,0.000,0.000,0.000,0.000,0.000,0.000,0.000,0.000,0.000,0.000,0.000,3.142,
21.706,25.031,7.892,-4.520,4.998,1.011,6.280,3.621,1.343,1.080,1.334,3.362,0.000,4.137,1.420,1.732,4.633,0.000,3.142,0.000,0.000,0.000,0.000,0.000,0.000,0.000,0.000,0.000,0.000,0.000,3.142,
21.803,25.128,7.920,-4.616,4.998,1.012,6.280,3.528,1.308,1.052,1.300,3.377,0.000,4.294,1.448,1.767,4.532,0.000,3.142,0.000,0.000,0.000,0.000,0.000,0.000,0.000,0.000,0.000,0.000,0.000,3.142,
21.915,25.239,7.948,-4.711,4.998,1.012,6.280,3.434,1.273,1.024,1.265,3.478,0.000,4.451,1.476,1.801,4.431,0.000,3.142,0.000,0.000,0.000,0.000,0.000,0.000,0.000,0.000,0.000,0.000,0.000,3.142,
22.007,25.331,7.976,-4.807,4.998,1.012,6.280,3.341,1.238,0.996,1.230,3.578,0.000,4.422,1.504,1.835,4.330,0.000,3.142,0.000,0.000,0.000,0.000,0.000,0.000,0.000,0.000,0.000,0.000,0.000,3.142,
22.104,25.428,8.004,-4.903,4.998,1.012,6.281,3.247,1.203,0.968,1.195,0.000,0.000,4.457,1.533,1.869,4.229,0.000,3.142,0.000,0.000,0.000,0.000,0.000,0.000,0.000,0.000,0.000,0.000,0.000,3.142,
22.202,25.526,8.032,-4.998,4.997,1.012,6.280,3.154,1.169,0.940,1.161,0.000,0.000,4.493,1.561,1.903,4.128,0.000,3.142,0.000,0.000,0.000,0.000,0.000,0.000,0.000,0.000,0.000,0.000,0.000,3.142,
22.309,25.634,8.060,-5.094,4.997,1.012,6.280,3.061,1.134,0.912,1.126,0.000,0.000,4.528,1.589,1.937,4.027,0.000,3.142,0.000,0.000,0.000,0.000,0.000,0.000,0.000,0.000,0.000,0.000,0.000,3.142,
22.417,25.741,8.088,-5.189,4.997,1.011,6.280,2.967,1.099,0.884,1.091,2.728,0.000,1.974,1.617,1.971,3.926,0.000,3.142,0.000,0.000,0.000,0.000,0.000,0.000,0.000,0.000,0.000,0.000,0.000,3.142,
22.511,25.835,8.116,-5.285,4.997,1.012,6.281,2.874,1.064,0.856,1.057,2.788,0.000,2.009,1.645,0.000,3.825,0.000,3.142,0.000,0.000,0.000,0.000,0.000,0.000,0.000,0.000,0.000,0.000,0.000,3.142,
22.602,25.926,8.144,-5.381,4.997,1.012,6.281,2.780,1.029,0.828,1.022,2.696,0.000,2.107,1.673,0.000,3.724,0.000,3.142,0.000,0.000,0.000,0.000,0.000,0.000,0.000,0.000,0.000,0.000,0.000,3.142,
22.701,26.025,8.172,-5.476,4.997,1.011,6.280,2.687,0.995,0.800,0.987,2.605,0.000,2.143,1.701,0.000,3.623,0.000,3.142,0.000,0.000,0.000,0.000,0.000,0.000,0.000,0.000,0.000,0.000,0.000,3.142,
22.803,26.127,8.200,-5.572,4.997,1.012,6.280,2.594,0.960,0.772,0.953,2.513,0.000,2.178,1.729,0.000,3.523,0.000,3.142,0.000,0.000,0.000,0.000,0.000,0.000,0.000,0.000,0.000,0.000,0.000,3.142,
22.912,26.236,8.228,-5.667,4.997,0.992,6.280,2.504,0.927,0.745,0.920,2.426,0.000,2.212,1.755,0.000,3.426,0.000,3.142,0.000,0.000,0.000,0.000,0.000,0.000,0.000,0.000,0.000,0.000,0.000,3.142,
23.012,26.336,8.255,-5.758,4.997,0.939,6.280,2.420,0.833,0.720,0.889,2.343,0.000,2.244,1.781,0.000,3.336,0.000,3.142,0.000,0.000,0.000,0.000,0.000,0.000,0.000,0.000,0.000,0.000,0.000,3.142,
23.106,26.430,8.280,-5.844,4.997,0.878,6.280,2.342,0.804,0.696,0.860,2.266,0.000,2.274,1.804,0.000,3.251,0.000,3.142,0.000,0.000,0.000,0.000,0.000,0.000,0.000,0.000,0.000,0.000,0.000,3.142,
23.213,26.538,8.304,-5.925,4.997,0.830,6.280,2.267,0.776,0.674,0.832,2.193,0.000,2.302,1.826,0.000,3.170,0.000,3.142,0.000,0.000,0.000,0.000,0.000,0.000,0.000,0.000,0.000,0.000,0.000,3.142,
23.305,26.629,8.326,-6.001,4.997,0.788,6.281,2.197,4.081,0.653,0.806,2.124,0.000,2.329,1.848,0.000,3.094,0.000,3.142,0.000,0.000,0.000,0.000,0.000,0.000,0.000,0.000,0.000,0.000,0.000,3.142,
23.401,26.726,8.347,-6.073,4.997,0.743,6.280,2.130,3.966,0.633,0.781,2.059,0.000,2.354,1.867,4.911,3.022,0.000,3.142,0.000,0.000,0.000,0.000,0.000,0.000,0.000,0.000,0.000,0.000,0.000,3.142,
23.502,26.826,8.367,-6.141,4.997,0.706,6.280,2.067,3.857,0.614,0.758,1.997,0.000,2.378,1.886,4.841,2.954,0.000,3.142,0.000,0.000,0.000,0.000,0.000,0.000,0.000,0.000,0.000,0.000,0.000,3.142,
23.612,26.937,8.386,-6.206,4.997,0.675,6.280,2.006,3.753,0.596,0.736,1.938,0.000,2.401,1.905,4.863,2.888,0.000,3.142,0.000,0.000,0.000,0.000,0.000,0.000,0.000,0.000,0.000,0.000,0.000,3.142,
23.701,27.025,8.404,-6.268,4.996,0.639,6.280,1.949,3.655,0.579,0.715,1.882,0.000,2.422,1.921,4.884,2.827,0.000,3.142,0.000,0.000,0.000,0.000,0.000,0.000,0.000,0.000,0.000,0.000,0.000,3.142,
23.801,27.125,8.421,-6.326,4.996,0.599,6.280,1.896,3.564,0.513,0.695,1.830,0.000,2.442,1.937,4.920,2.770,0.000,3.142,0.000,0.000,0.000,0.000,0.000,0.000,0.000,0.000,0.000,0.000,0.000,3.142,
23.910,27.234,8.437,-6.380,4.996,0.553,6.280,1.851,3.485,0.500,0.678,1.786,0.000,2.459,1.951,0.000,2.721,0.000,3.142,0.000,0.000,0.000,0.000,0.000,0.000,0.000,0.000,0.000,0.000,0.000,3.142,
24.014,27.338,8.450,-6.426,4.996,0.434,6.280,1.817,3.428,0.490,0.666,1.753,0.000,2.472,1.961,0.000,2.685,0.000,3.142,0.000,0.000,0.000,0.000,0.000,0.000,0.000,0.000,0.000,0.000,0.000,3.142,
24.100,27.424,8.460,-6.461,4.996,0.320,6.280,1.791,3.382,0.000,0.656,1.727,0.000,2.482,1.969,0.000,2.656,0.000,3.142,0.000,0.000,0.000,0.000,0.000,0.000,0.000,0.000,0.000,0.000,0.000,3.142,
24.209,27.533,8.468,-6.487,4.996,0.279,6.280,1.768,3.342,0.000,0.647,1.704,0.000,2.491,1.976,0.000,2.631,0.000,3.142,0.000,0.000,0.000,0.000,0.000,0.000,0.000,0.000,0.000,0.000,0.000,3.142,
24.304,27.628,8.475,-6.512,4.996,0.250,6.280,1.747,3.309,0.000,0.640,1.686,0.000,2.498,1.982,0.000,2.610,0.000,3.142,0.000,0.000,0.000,0.000,0.000,0.000,0.000,0.000,0.000,0.000,0.000,3.142,
24.407,27.731,8.481,-6.531,4.996,0.179,6.279,1.578,3.455,0.000,0.654,1.872,0.000,2.440,0.000,0.000,2.577,0.000,3.142,0.000,0.000,0.000,0.000,0.000,0.000,0.000,0.000,0.000,0.000,0.000,3.142,
24.508,27.833,8.483,-6.536,5.029,-0.031,0.947,1.124,0.000,0.473,0.714,2.847,4.932,2.290,0.000,3.662,2.520,0.000,3.106,0.000,0.000,0.000,0.000,0.000,0.000,0.000,0.000,0.000,0.000,0.000,3.142,
24.611,27.935,8.481,-6.531,5.126,-0.055,1.177,1.114,4.883,0.479,0.766,0.000,4.159,2.206,0.000,3.419,2.492,0.000,3.036,0.000,0.000,0.000,0.000,0.000,0.000,0.000,0.000,0.000,0.000,0.000,3.142,
24.715,28.040,8.480,-6.530,5.195,0.027,0.564,1.130,4.814,0.480,0.790,0.000,4.063,2.176,0.000,3.320,2.480,0.000,3.036,0.000,0.000,0.000,0.000,0.000,0.000,0.000,0.000,0.000,0.000,0.000,3.142,
24.812,28.137,8.482,-6.533,5.225,0.023,0.429,1.154,4.745,0.485,0.825,0.000,4.167,2.143,0.000,3.219,2.473,0.000,3.001,0.000,0.000,0.000,0.000,0.000,0.000,0.000,0.000,0.000,0.000,0.000,3.142,
24.910,28.234,8.482,-6.533,5.261,-0.018,0.568,1.203,4.793,0.491,0.869,0.000,4.495,2.109,0.000,3.120,2.469,0.000,2.931,0.000,0.000,0.000,0.000,0.000,0.000,0.000,0.000,0.000,0.000,0.000,3.142,
25.018,28.342,8.481,-6.531,5.300,-0.011,0.445,1.231,0.000,0.494,0.894,0.000,4.691,2.094,0.000,3.072,2.468,0.000,2.931,0.000,0.000,0.000,0.000,0.000,0.000,0.000,0.000,0.000,0.000,0.000,3.142,
25.113,28.437,8.481,-6.532,5.321,0.010,0.239,1.273,0.000,0.496,0.912,0.000,4.846,2.084,0.000,3.038,2.468,0.000,2.896,0.000,0.000,0.000,0.000,0.000,0.000,0.000,0.000,0.000,0.000,0.000,3.142,
25.209,28.533,8.481,-6.532,5.336,0.004,0.306,1.334,0.000,0.500,0.939,0.000,0.000,2.071,0.000,2.997,2.469,0.000,3.142,0.000,0.000,0.000,0.000,0.000,0.000,0.000,0.000,0.000,0.000,0.000,3.142,
25.306,28.630,8.481,-6.532,5.355,-0.006,0.300,1.383,0.000,0.503,0.960,0.000,3.160,2.062,0.000,2.968,2.470,0.000,2.896,0.000,0.000,0.000,0.000,0.000,0.000,0.000,0.000,0.000,0.000,0.000,3.142,
25.412,28.736,8.481,-6.532,5.370,0.000,0.210,1.418,0.000,0.505,0.975,0.000,3.121,2.056,0.000,2.949,2.471,0.000,2.861,0.000,0.000,0.000,0.000,0.000,0.000,0.000,0.000,0.000,0.000,0.000,3.142,
25.507,28.831,8.481,-6.532,5.379,0.004,0.193,1.451,0.000,0.506,0.989,0.000,3.087,2.052,0.000,2.932,2.472,0.000,3.106,0.000,0.000,0.000,0.000,0.000,0.000,0.000,0.000,0.000,0.000,0.000,3.142,
25.608,28.932,8.481,-6.532,5.388,-0.002,0.179,1.483,0.000,0.508,1.002,0.000,3.057,2.047,0.000,2.917,2.474,0.000,3.106,0.000,0.000,0.000,0.000,0.000,0.000,0.000,0.000,0.000,0.000,0.000,3.142,
25.709,29.033,8.481,-6.532,5.396,-0.002,0.154,1.509,0.000,0.509,1.012,0.000,3.065,2.044,0.000,2.906,2.475,0.000,3.106,0.000,0.000,0.000,0.000,0.000,0.000,0.000,0.000,0.000,0.000,0.000,3.142,
25.805,29.129,8.481,-6.532,5.402,-0.001,0.132,1.529,0.000,0.565,1.020,0.000,3.077,2.042,0.000,2.898,2.476,0.000,2.826,0.000,0.000,0.000,0.000,0.000,0.000,0.000,0.000,0.000,0.000,0.000,3.142,
25.905,29.229,8.481,-6.532,5.407,0.001,0.107,1.545,0.000,0.566,1.026,0.000,3.082,2.040,0.000,2.891,2.476,0.000,2.826,0.000,0.000,0.000,0.000,0.000,0.000,0.000,0.000,0.000,0.000,0.000,3.142,
26.007,29.331,8.481,-6.532,5.410,0.000,0.088,1.568,0.000,0.500,1.019,0.000,3.066,2.048,0.000,2.858,2.464,0.000,3.071,0.000,0.000,0.000,0.000,0.000,0.000,0.000,0.000,0.000,0.000,0.000,3.142,
26.108,29.432,8.493,-6.546,5.420,0.472,0.142,1.514,0.000,0.456,0.940,0.000,3.120,2.088,0.000,2.799,2.417,0.000,3.071,0.000,0.000,0.000,0.000,0.000,0.000,0.000,0.000,0.000,0.000,0.000,3.142,
26.206,29.530,8.534,-6.594,5.422,0.697,6.280,1.459,0.000,0.416,0.869,0.000,3.173,2.125,0.000,2.748,2.375,0.000,3.071,0.000,0.000,0.000,0.000,0.000,0.000,0.000,0.000,0.000,0.000,0.000,3.142,
26.303,29.627,8.570,-6.636,5.423,0.429,6.281,1.426,0.000,0.454,0.824,0.000,3.205,2.148,0.000,2.717,2.189,0.000,3.071,0.000,0.000,0.000,0.000,0.000,0.000,0.000,0.000,0.000,0.000,0.000,3.142,
26.400,29.725,8.593,-6.662,5.424,0.349,6.282,1.387,0.000,0.525,0.773,0.000,3.242,2.174,0.000,2.681,2.153,0.000,3.071,0.000,0.000,0.000,0.000,0.000,0.000,0.000,0.000,0.000,0.000,0.000,3.142,
26.505,29.829,8.618,-6.692,5.424,0.457,6.283,1.342,0.000,2.989,0.714,0.000,3.285,2.204,0.000,2.641,2.119,0.000,3.071,0.000,0.000,0.000,0.000,0.000,0.000,0.000,0.000,0.000,0.000,0.000,3.142,
26.603,29.927,8.648,-6.726,5.425,0.446,6.282,1.302,0.000,0.000,0.663,0.000,3.323,2.230,0.000,2.607,2.089,0.000,3.071,0.000,0.000,0.000,0.000,0.000,0.000,0.000,0.000,0.000,0.000,0.000,3.142,
26.709,30.033,8.673,-6.755,5.425,0.365,6.279,1.267,0.000,0.000,0.618,0.000,3.357,2.253,0.000,2.577,2.063,0.000,3.071,0.000,0.000,0.000,0.000,0.000,0.000,0.000,0.000,0.000,0.000,0.000,3.142,
26.806,30.130,8.695,-6.781,5.425,0.353,6.283,1.232,0.000,0.000,0.472,0.000,3.390,2.275,0.000,2.547,2.038,0.000,3.071,0.000,0.000,0.000,0.000,0.000,0.000,0.000,0.000,0.000,0.000,0.000,3.142,
26.914,30.239,8.717,-6.806,5.425,0.339,6.280,1.202,0.000,0.000,0.435,0.000,3.418,2.294,0.000,2.522,2.016,0.000,3.071,0.000,0.000,0.000,0.000,0.000,0.000,0.000,0.000,0.000,0.000,0.000,3.142,
27.004,30.329,8.736,-6.828,5.425,0.250,6.280,1.182,0.000,0.000,0.421,0.000,3.437,2.307,0.000,2.505,2.001,0.000,3.071,0.000,0.000,0.000,0.000,0.000,0.000,0.000,0.000,0.000,0.000,0.000,3.142,
27.106,30.430,8.749,-6.843,5.425,0.186,6.280,1.288,0.000,0.000,0.422,0.000,3.335,2.299,4.984,2.456,1.924,0.000,3.036,0.000,0.000,0.000,0.000,0.000,0.000,0.000,0.000,0.000,0.000,0.000,3.142,
27.207,30.531,8.754,-6.849,5.455,0.008,0.956,2.920,0.000,2.490,0.692,0.000,2.968,4.459,0.000,2.324,0.813,0.000,2.931,0.000,0.000,0.000,0.000,0.000,0.000,0.000,0.000,0.000,0.000,0.000,3.142,
27.310,30.635,8.751,-6.846,5.574,-0.062,1.603,3.066,4.759,2.146,1.029,0.000,2.704,0.000,3.447,2.232,0.710,0.000,2.791,0.000,0.000,0.000,0.000,0.000,0.000,0.000,0.000,0.000,0.000,0.000,3.142,
27.413,30.738,8.750,-6.845,5.695,0.009,1.232,3.598,0.000,0.522,1.630,4.888,2.559,0.000,3.100,2.186,0.738,0.000,2.720,0.000,0.000,0.000,0.000,0.000,0.000,0.000,0.000,0.000,0.000,0.000,3.142,
27.516,30.840,8.751,-6.846,5.788,0.021,1.062,4.505,0.000,0.487,3.251,4.535,2.465,0.000,2.879,2.163,0.770,0.000,2.650,0.000,0.000,0.000,0.000,0.000,0.000,0.000,0.000,0.000,0.000,0.000,3.142,
27.608,30.932,8.752,-6.846,5.865,-0.004,0.795,4.414,0.000,0.466,0.000,0.000,2.410,0.000,2.754,2.156,0.831,0.000,2.580,0.000,0.000,0.000,0.000,0.000,0.000,0.000,0.000,0.000,0.000,0.000,3.142,
27.720,31.044,8.751,-6.846,5.918,-0.015,0.680,4.411,0.000,0.446,0.000,3.552,2.360,0.000,2.634,2.154,0.948,0.000,2.510,0.000,0.000,0.000,0.000,0.000,0.000,0.000,0.000,0.000,0.000,0.000,3.142,
27.803,31.127,8.751,-6.846,5.977,0.004,0.625,0.000,0.000,0.437,0.000,3.488,2.337,0.000,2.574,1.991,1.031,0.000,2.475,0.000,0.000,0.000,0.000,0.000,0.000,0.000,0.000,0.000,0.000,0.000,3.142,
27.906,31.230,8.751,-6.846,6.011,0.005,0.526,0.000,0.000,0.428,0.000,3.361,2.318,0.000,2.522,1.995,1.127,0.000,2.440,0.000,0.000,0.000,0.000,0.000,0.000,0.000,0.000,0.000,0.000,0.000,3.142,
28.010,31.334,8.751,-6.846,6.043,-0.003,0.413,0.000,0.000,0.422,0.000,3.269,2.304,0.000,2.484,2.000,1.218,0.000,2.440,0.000,0.000,0.000,0.000,0.000,0.000,0.000,0.000,0.000,0.000,0.000,3.142,
28.113,31.437,8.751,-6.846,6.069,-0.004,0.370,0.000,0.000,0.430,0.000,3.194,2.293,4.941,2.453,1.883,1.312,0.000,2.404,0.000,0.000,0.000,0.000,0.000,0.000,0.000,0.000,0.000,0.000,0.000,3.142,
28.206,31.530,8.751,-6.846,6.091,0.001,0.322,0.000,2.944,0.445,0.000,3.138,2.286,4.834,2.430,1.660,1.398,0.000,2.404,0.000,0.000,0.000,0.000,0.000,0.000,0.000,0.000,0.000,0.000,0.000,3.142,
28.315,31.639,8.751,-6.846,6.109,0.001,0.273,0.000,2.865,0.458,0.000,3.096,2.280,4.869,2.412,1.518,1.476,0.000,2.369,0.000,0.000,0.000,0.000,0.000,0.000,0.000,0.000,0.000,0.000,0.000,3.142,
28.406,31.730,8.751,-6.846,6.123,-0.002,0.239,0.000,2.803,0.470,0.000,3.062,2.348,4.899,2.398,1.417,1.547,0.000,2.369,0.000,0.000,0.000,0.000,0.000,0.000,0.000,0.000,0.000,0.000,0.000,3.142,
28.510,31.834,8.751,-6.846,6.135,-0.001,0.209,0.000,2.755,0.479,0.000,3.035,2.508,4.933,2.387,1.345,1.610,0.000,2.369,0.000,0.000,0.000,0.000,0.000,0.000,0.000,0.000,0.000,0.000,0.000,3.142,
28.612,31.936,8.751,-6.846,6.145,0.000,0.191,0.000,2.718,0.488,0.000,3.014,2.656,4.996,2.378,1.292,1.666,0.000,2.334,0.000,0.000,0.000,0.000,0.000,0.000,0.000,0.000,0.000,0.000,0.000,3.142,
28.714,32.038,8.751,-6.846,6.152,-0.001,0.163,0.000,2.687,0.495,0.000,2.997,2.795,0.000,2.371,1.250,1.715,0.000,2.334,0.000,0.000,0.000,0.000,0.000,0.000,0.000,0.000,0.000,0.000,0.000,3.142,
28.812,32.137,8.751,-6.846,6.159,0.000,0.148,0.000,2.665,0.500,0.000,2.984,2.908,0.000,2.366,1.221,1.754,0.000,2.334,0.000,0.000,0.000,0.000,0.000,0.000,0.000,0.000,0.000,0.000,0.000,3.142,
28.913,32.237,8.751,-6.846,6.164,0.000,0.120,0.000,2.646,0.505,0.000,2.973,3.016,0.000,2.361,1.197,1.790,0.000,2.334,0.000,0.000,0.000,0.000,0.000,0.000,0.000,0.000,0.000,0.000,0.000,3.142,
29.013,32.337,8.751,-6.846,6.168,-0.001,0.124,0.000,2.625,0.482,0.000,2.975,3.171,0.000,2.354,1.114,2.987,0.000,2.334,0.000,0.000,0.000,0.000,0.000,0.000,0.000,0.000,0.000,0.000,0.000,3.142,
29.110,32.434,8.762,-6.848,6.173,0.415,0.021,0.000,2.590,0.411,0.000,3.050,3.655,0.000,2.332,0.668,2.848,0.000,2.334,0.000,0.000,0.000,0.000,0.000,0.000,0.000,0.000,0.000,0.000,0.000,3.142,
29.215,32.539,8.844,-6.857,6.185,1.208,0.204,0.000,2.610,0.424,0.000,3.214,3.822,0.000,2.317,0.655,2.677,0.000,2.369,0.000,0.000,0.000,0.000,0.000,0.000,0.000,0.000,0.000,0.000,0.000,3.142,
29.315,32.639,8.971,-6.869,6.186,1.162,6.277,0.000,2.623,3.593,0.000,3.311,3.901,0.000,2.309,0.667,2.578,0.000,2.369,0.000,0.000,0.000,0.000,0.000,0.000,0.000,0.000,0.000,0.000,0.000,3.142,
29.404,32.729,9.046,-6.876,6.187,0.401,6.277,0.000,2.628,3.524,0.415,3.345,3.933,0.000,2.306,0.682,2.543,0.000,2.369,0.000,0.000,0.000,0.000,0.000,0.000,0.000,0.000,0.000,0.000,0.000,3.142,
29.509,32.833,9.073,-6.879,6.187,0.296,6.277,0.000,2.635,3.412,0.419,3.400,3.980,4.051,2.302,0.707,2.487,0.000,2.369,0.000,0.000,0.000,0.000,0.000,0.000,0.000,0.000,0.000,0.000,0.000,3.142,
29.609,32.933,9.115,-6.883,6.187,0.557,6.277,0.000,0.000,3.278,0.424,3.466,4.035,4.041,2.296,0.736,2.472,0.000,2.404,0.000,0.000,0.000,0.000,0.000,0.000,0.000,0.000,0.000,0.000,0.000,3.142,
29.703,33.027,9.166,-6.888,6.187,0.428,6.277,0.000,0.000,3.207,0.427,3.501,4.067,4.035,2.293,0.751,2.469,0.000,2.404,0.000,0.000,0.000,0.000,0.000,0.000,0.000,0.000,0.000,0.000,0.000,3.142,
29.808,33.132,9.193,-6.891,6.187,0.176,6.277,0.000,0.000,3.168,0.429,3.519,4.086,4.031,2.292,0.760,2.467,0.000,2.404,0.000,0.000,0.000,0.000,0.000,0.000,0.000,0.000,0.000,0.000,0.000,3.142,
29.908,33.232,9.208,-6.892,6.187,0.189,6.277,0.000,0.000,3.113,0.431,3.547,4.114,4.026,0.666,0.772,2.464,0.000,2.404,0.000,0.000,0.000,0.000,0.000,0.000,0.000,0.000,0.000,0.000,0.000,3.142,
30.012,33.337,9.229,-6.894,6.187,0.234,6.276,0.000,0.000,3.102,0.432,3.554,4.198,4.037,0.665,0.779,2.468,0.000,2.404,0.000,0.000,0.000,0.000,0.000,0.000,0.000,0.000,0.000,0.000,0.000,3.142,
30.112,33.436,9.239,-6.895,6.189,-0.015,0.117,0.000,2.564,3.279,0.434,3.490,0.000,3.976,0.660,0.791,2.529,0.000,3.142,0.000,0.000,0.000,0.000,0.000,0.000,0.000,0.000,0.000,0.000,0.000,3.142,
30.210,33.534,9.234,-6.895,6.209,-0.062,0.434,0.000,2.455,3.560,0.437,3.409,0.000,3.801,0.652,0.813,2.623,0.000,3.142,0.000,0.000,0.000,0.000,0.000,0.000,0.000,0.000,0.000,0.000,0.000,3.142,
30.306,33.630,9.232,-6.895,6.238,-0.022,0.292,0.000,2.416,3.681,0.439,3.381,0.000,3.738,0.650,0.822,2.662,0.000,3.142,0.000,0.000,0.000,0.000,0.000,0.000,0.000,0.000,0.000,0.000,0.000,3.142,
30.412,33.736,9.231,-6.895,6.250,0.000,0.189,4.268,2.372,3.985,0.441,3.350,0.000,3.667,0.647,0.835,2.709,0.000,3.142,0.000,0.000,0.000,0.000,0.000,0.000,0.000,0.000,0.000,0.000,0.000,3.142,
30.503,33.827,9.232,-6.895,6.263,0.009,0.272,4.268,2.324,3.966,0.443,3.315,0.000,3.590,0.644,0.849,2.766,0.000,3.142,0.000,0.000,0.000,0.000,0.000,0.000,0.000,0.000,0.000,0.000,0.000,3.142,
30.608,33.932,9.232,-6.895,6.278,-0.002,0.230,4.269,2.295,3.955,0.445,3.293,0.000,3.544,0.642,0.858,2.803,0.000,3.142,0.000,0.000,0.000,0.000,0.000,0.000,0.000,0.000,0.000,0.000,0.000,3.142,
30.702,34.026,9.232,-6.895,0.004,-0.006,0.161,4.270,2.274,3.947,0.446,3.278,0.000,3.511,0.640,0.865,2.832,0.000,3.142,0.000,0.000,0.000,0.000,0.000,0.000,0.000,0.000,0.000,0.000,0.000,3.142,
30.809,34.133,9.232,-6.895,0.011,-0.001,0.153,4.271,2.256,3.940,0.447,3.265,0.000,3.482,0.639,0.871,2.857,0.000,3.142,0.000,0.000,0.000,0.000,0.000,0.000,0.000,0.000,0.000,0.000,0.000,3.142,
30.902,34.226,9.232,-6.895,0.017,0.003,0.145,4.271,2.240,3.933,0.448,3.252,0.000,3.456,0.638,0.877,2.882,0.000,3.142,0.000,0.000,0.000,0.000,0.000,0.000,0.000,0.000,0.000,0.000,0.000,3.142,
31.014,34.338,9.232,-6.895,0.023,-0.002,0.134,4.272,2.228,3.271,0.449,3.244,0.000,3.437,0.637,0.881,2.900,0.000,3.142,0.000,0.000,0.000,0.000,0.000,0.000,0.000,0.000,0.000,0.000,0.000,3.142,
31.115,34.439,9.232,-6.895,0.027,-0.002,0.098,4.251,2.219,3.925,0.448,3.263,0.000,3.425,0.637,0.902,2.914,0.000,3.142,0.000,0.000,0.000,0.000,0.000,0.000,0.000,0.000,0.000,0.000,0.000,3.142,
31.200,34.524,9.253,-6.894,0.030,0.569,0.052,4.157,2.198,3.916,0.538,3.363,0.000,3.404,0.647,0.988,2.946,0.000,3.142,0.000,0.000,0.000,0.000,0.000,0.000,0.000,0.000,0.000,0.000,0.000,3.142,
31.300,34.625,9.349,-6.891,0.036,1.306,0.020,4.026,2.190,3.675,1.028,3.518,0.000,3.411,0.719,1.098,2.956,0.000,3.142,0.000,0.000,0.000,0.000,0.000,0.000,0.000,0.000,0.000,0.000,0.000,3.142,
31.416,34.741,9.480,-6.886,0.037,1.200,6.277,3.929,2.184,3.289,1.290,3.632,0.000,3.416,0.772,1.180,3.966,0.000,3.142,0.000,0.000,0.000,0.000,0.000,0.000,0.000,0.000,0.000,0.000,0.000,3.142,
31.503,34.827,9.577,-6.883,0.037,0.836,6.277,3.843,2.179,2.950,1.519,0.759,0.000,3.420,0.819,1.252,3.864,0.000,3.142,0.000,0.000,0.000,0.000,0.000,0.000,0.000,0.000,0.000,0.000,0.000,3.142,
31.620,34.944,9.662,-6.880,0.037,0.957,6.277,3.718,4.981,2.451,1.857,0.752,0.000,1.019,0.888,3.426,3.714,0.000,3.142,0.000,0.000,0.000,0.000,0.000,0.000,0.000,0.000,0.000,0.000,0.000,3.142,
31.712,35.036,9.788,-6.875,0.037,1.100,6.277,3.634,4.976,2.116,2.083,0.851,0.000,1.024,0.934,3.188,3.614,0.000,3.142,0.000,0.000,0.000,0.000,0.000,0.000,0.000,0.000,0.000,0.000,0.000,3.142,
31.815,35.139,9.871,-6.872,0.037,1.019,6.277,3.537,4.969,1.731,2.343,0.965,0.000,1.043,0.987,2.915,3.498,0.000,3.142,0.000,0.000,0.000,0.000,0.000,0.000,0.000,0.000,0.000,0.000,0.000,3.142,
31.911,35.235,9.968,-6.868,0.037,0.967,6.277,3.440,4.963,1.410,2.605,1.139,0.000,1.084,1.040,2.639,3.382,0.000,3.142,0.000,0.000,0.000,0.000,0.000,0.000,0.000,0.000,0.000,0.000,0.000,3.142,
32.001,35.325,10.065,-6.865,0.037,1.017,6.277,3.338,4.956,1.406,2.878,1.258,0.000,1.142,1.096,2.352,3.261,0.000,3.142,0.000,0.000,0.000,0.000,0.000,0.000,0.000,0.000,0.000,0.000,0.000,3.142,
32.100,35.425,10.167,-6.861,0.037,1.032,6.277,3.238,4.638,1.402,3.147,1.376,0.000,1.199,1.151,2.069,3.141,0.000,3.142,0.000,0.000,0.000,0.000,0.000,0.000,0.000,0.000,0.000,0.000,0.000,3.142,
32.212,35.536,10.267,-6.857,0.038,1.005,6.277,3.139,4.511,1.398,3.412,1.493,0.000,1.255,1.206,1.790,3.023,0.000,3.142,0.000,0.000,0.000,0.000,0.000,0.000,0.000,0.000,0.000,0.000,0.000,3.142,
32.312,35.636,10.365,-6.853,0.038,1.003,6.277,3.040,4.383,1.394,3.680,1.610,0.000,1.312,2.127,1.766,2.905,0.000,3.142,0.000,0.000,0.000,0.000,0.000,0.000,0.000,0.000,0.000,0.000,0.000,3.142,
32.403,35.727,10.465,-6.850,0.038,1.016,6.277,2.940,4.254,1.390,3.948,1.728,0.000,1.370,2.131,1.770,2.785,0.000,3.142,0.000,0.000,0.000,0.000,0.000,0.000,0.000,0.000,0.000,0.000,0.000,3.142,
32.516,35.840,10.565,-6.846,0.038,1.014,6.277,2.840,4.126,1.387,4.030,1.845,0.000,1.427,2.135,1.774,2.666,0.000,3.142,0.000,0.000,0.000,0.000,0.000,0.000,0.000,0.000,0.000,0.000,0.000,3.142,
32.610,35.934,10.664,-6.842,0.038,1.009,6.277,2.740,3.997,1.383,3.341,1.962,0.000,1.484,2.496,1.778,2.548,0.000,3.142,0.000,0.000,0.000,0.000,0.000,0.000,0.000,0.000,0.000,0.000,0.000,3.142,
32.705,36.029,10.764,-6.838,0.038,1.011,6.277,2.641,3.869,1.379,3.337,2.079,0.000,1.541,2.872,1.782,2.429,0.000,3.142,0.000,0.000,0.000,0.000,0.000,0.000,0.000,0.000,0.000,0.000,0.000,3.142,
32.806,36.130,10.863,-6.835,0.038,1.013,6.277,2.541,3.740,1.375,1.434,2.197,0.000,1.598,3.248,1.786,2.330,0.000,3.142,0.000,0.000,0.000,0.000,0.000,0.000,0.000,0.000,0.000,0.000,0.000,3.142,
32.911,36.235,10.963,-6.831,0.038,1.012,6.277,2.441,3.611,3.231,1.430,2.314,0.000,1.655,3.624,1.791,2.337,0.000,3.142,0.000,0.000,0.000,0.000,0.000,0.000,0.000,0.000,0.000,0.000,0.000,3.142,
33.009,36.333,11.063,-6.827,0.038,1.011,6.277,2.342,3.483,3.227,1.426,2.431,0.000,1.712,3.999,1.795,2.345,0.000,3.142,0.000,0.000,0.000,0.000,0.000,0.000,0.000,0.000,0.000,0.000,0.000,3.142,
33.112,36.436,11.162,-6.823,0.038,1.012,6.277,2.242,3.354,3.223,1.422,2.549,0.000,1.769,3.573,1.799,2.352,0.000,3.142,0.000,0.000,0.000,0.000,0.000,0.000,0.000,0.000,0.000,0.000,0.000,3.142,
33.209,36.533,11.262,-6.819,0.038,1.012,6.277,2.142,3.226,3.219,1.418,2.666,0.000,1.826,3.577,3.731,2.359,0.000,3.142,0.000,0.000,0.000,0.000,0.000,0.000,0.000,0.000,0.000,0.000,0.000,3.142,
33.309,36.633,11.361,-6.815,0.039,1.010,6.277,2.047,3.103,3.216,1.414,2.777,0.000,1.880,3.581,3.735,2.348,0.000,3.142,0.000,0.000,0.000,0.000,0.000,0.000,0.000,0.000,0.000,0.000,0.000,3.142,
33.403,36.727,11.456,-6.812,0.039,0.879,6.277,1.974,3.009,3.213,1.411,2.863,0.000,1.922,1.755,3.858,2.354,0.000,3.142,0.000,0.000,0.000,0.000,0.000,0.000,0.000,0.000,0.000,0.000,0.000,3.142,
33.511,36.835,11.529,-6.809,0.039,0.612,6.277,1.923,2.943,3.210,1.409,2.923,0.000,1.951,1.757,3.712,3.566,0.000,3.142,0.000,0.000,0.000,0.000,0.000,0.000,0.000,0.000,0.000,0.000,0.000,3.142,
33.602,36.926,11.580,-6.807,0.039,0.476,6.277,1.878,2.885,3.209,1.407,2.976,0.000,1.977,1.758,3.586,3.570,0.000,3.142,0.000,0.000,0.000,0.000,0.000,0.000,0.000,0.000,0.000,0.000,0.000,3.142,
33.712,37.037,11.625,-6.805,0.039,0.449,6.277,1.848,2.846,3.207,1.406,3.012,0.000,1.994,1.760,3.500,3.573,0.000,3.142,0.000,0.000,0.000,0.000,0.000,0.000,0.000,0.000,0.000,0.000,0.000,3.142,
33.809,37.133,11.655,-6.804,0.039,0.167,6.277,1.841,2.838,3.207,1.405,3.019,0.000,1.998,1.760,3.479,3.574,0.000,3.142,0.000,0.000,0.000,0.000,0.000,0.000,0.000,0.000,0.000,0.000,0.000,3.142,
33.901,37.225,11.662,-6.804,0.039,0.017,6.279,1.841,2.838,3.207,1.405,3.019,0.000,1.998,1.760,3.479,3.574,0.000,3.142,0.000,0.000,0.000,0.000,0.000,0.000,0.000,0.000,0.000,0.000,0.000,3.142,
34.007,37.331,11.662,-6.804,0.039,0.000,6.279,1.841,2.838,3.207,1.405,3.019,0.000,1.998,1.760,3.479,3.574,0.000,3.142,0.000,0.000,0.000,0.000,0.000,0.000,0.000,0.000,0.000,0.000,0.000,3.142,
34.107,37.431,11.662,-6.804,0.039,0.000,6.279,1.841,2.838,3.207,1.405,3.019,0.000,1.998,1.760,3.479,3.574,0.000,3.142,0.000,0.000,0.000,0.000,0.000,0.000,0.000,0.000,0.000,0.000,0.000,3.142,
34.211,37.535,11.662,-6.804,0.039,0.000,6.279,1.841,2.838,3.207,1.405,3.019,0.000,1.998,1.760,3.479,3.574,0.000,3.142,0.000,0.000,0.000,0.000,0.000,0.000,0.000,0.000,0.000,0.000,0.000,3.142,
34.302,37.627,11.662,-6.804,0.039,0.000,6.279,1.841,2.838,3.207,1.405,3.019,0.000,1.998,1.760,3.479,3.574,0.000,3.142,0.000,0.000,0.000,0.000,0.000,0.000,0.000,0.000,0.000,0.000,0.000,3.142,
34.404,37.728,11.662,-6.804,0.039,0.000,6.279,1.841,2.838,3.207,1.405,3.019,0.000,1.998,1.760,3.479,3.574,0.000,3.142,0.000,0.000,0.000,0.000,0.000,0.000,0.000,0.000,0.000,0.000,0.000,3.142,
34.513,37.837,11.662,-6.804,0.039,0.000,6.279,1.841,2.838,3.207,1.405,3.019,0.000,1.998,1.760,3.479,3.574,0.000,3.142,0.000,0.000,0.000,0.000,0.000,0.000,0.000,0.000,0.000,0.000,0.000,3.142,
34.604,37.928,11.662,-6.804,0.039,0.000,6.279,1.841,2.838,3.207,1.405,3.019,0.000,1.998,1.760,3.479,3.574,0.000,3.142,0.000,0.000,0.000,0.000,0.000,0.000,0.000,0.000,0.000,0.000,0.000,3.142,
34.703,38.027,11.662,-6.804,0.039,0.000,6.279,1.841,2.838,3.207,1.405,3.019,0.000,1.998,1.760,3.479,3.574,0.000,3.142,0.000,0.000,0.000,0.000,0.000,0.000,0.000,0.000,0.000,0.000,0.000,3.142,
34.811,38.135,11.662,-6.804,0.039,0.000,6.279,1.841,2.838,3.207,1.405,3.019,0.000,1.998,1.760,3.479,3.574,0.000,3.142,0.000,0.000,0.000,0.000,0.000,0.000,0.000,0.000,0.000,0.000,0.000,3.142,
34.912,38.237,11.662,-6.804,0.039,0.000,6.279,1.841,2.838,3.207,1.405,3.019,0.000,1.998,1.760,3.479,3.574,0.000,3.142,0.000,0.000,0.000,0.000,0.000,0.000,0.000,0.000,0.000,0.000,0.000,3.142,
35.001,38.326,11.662,-6.804,0.039,0.000,6.279,1.841,2.838,3.207,1.405,3.019,0.000,1.998,1.760,3.479,3.574,0.000,3.142,0.000,0.000,0.000,0.000,0.000,0.000,0.000,0.000,0.000,0.000,0.000,3.142,
35.114,38.439,11.662,-6.804,0.039,0.000,6.279,1.841,2.838,3.207,1.405,3.019,0.000,1.998,1.760,3.479,3.574,0.000,3.142,0.000,0.000,0.000,0.000,0.000,0.000,0.000,0.000,0.000,0.000,0.000,3.142,
35.201,38.525,11.662,-6.804,0.039,0.000,6.278,1.841,2.838,3.207,1.405,3.019,0.000,1.998,1.760,3.479,3.574,0.000,3.142,0.000,0.000,0.000,0.000,0.000,0.000,0.000,0.000,0.000,0.000,0.000,3.142,
35.309,38.633,11.662,-6.804,0.039,0.000,6.279,1.841,2.838,3.207,1.405,3.019,0.000,1.998,1.760,3.478,3.575,0.000,3.142,0.000,0.000,0.000,0.000,0.000,0.000,0.000,0.000,0.000,0.000,0.000,3.142,
35.406,38.730,11.662,-6.804,0.039,0.000,6.279,1.841,2.838,3.207,1.405,3.019,0.000,1.998,1.760,3.478,3.575,0.000,3.142,0.000,0.000,0.000,0.000,0.000,0.000,0.000,0.000,0.000,0.000,0.000,3.142,
35.514,38.838,11.662,-6.804,0.039,0.000,6.279,1.841,2.838,3.207,1.405,3.019,0.000,1.998,1.760,3.478,3.575,0.000,3.142,0.000,0.000,0.000,0.000,0.000,0.000,0.000,0.000,0.000,0.000,0.000,3.142,
35.603,38.927,11.662,-6.804,0.039,0.000,6.279,1.841,2.838,3.207,1.405,3.019,0.000,1.998,1.760,3.478,3.575,0.000,3.142,0.000,0.000,0.000,0.000,0.000,0.000,0.000,0.000,0.000,0.000,0.000,3.142,
35.702,39.026,11.662,-6.804,0.039,0.000,6.279,1.841,2.838,3.207,1.405,3.019,0.000,1.998,1.760,3.478,3.575,0.000,3.142,0.000,0.000,0.000,0.000,0.000,0.000,0.000,0.000,0.000,0.000,0.000,3.142,
35.805,39.129,11.662,-6.804,0.039,0.000,0.000,1.841,2.838,3.207,1.406,3.019,0.000,1.998,1.760,3.478,3.575,0.000,3.142,0.000,0.000,0.000,0.000,0.000,0.000,0.000,0.000,0.000,0.000,0.000,3.142,
35.902,39.226,11.662,-6.804,0.039,0.000,6.279,1.841,2.838,3.207,1.406,3.019,0.000,1.998,1.760,3.478,3.575,0.000,3.142,0.000,0.000,0.000,0.000,0.000,0.000,0.000,0.000,0.000,0.000,0.000,3.142,
36.005,39.329,11.662,-6.804,0.039,0.000,6.279,1.841,2.838,3.207,1.406,3.019,0.000,1.998,1.760,3.478,3.575,0.000,3.142,0.000,0.000,0.000,0.000,0.000,0.000,0.000,0.000,0.000,0.000,0.000,3.142,
36.108,39.433,11.662,-6.804,0.039,0.000,6.279,1.841,2.838,3.207,1.406,3.019,0.000,1.998,1.760,3.478,3.575,0.000,3.142,0.000,0.000,0.000,0.000,0.000,0.000,0.000,0.000,0.000,0.000,0.000,3.142,
36.201,39.525,11.662,-6.804,0.039,0.000,6.279,1.841,2.838,3.207,1.406,3.019,0.000,1.998,1.760,3.478,3.575,0.000,3.142,0.000,0.000,0.000,0.000,0.000,0.000,0.000,0.000,0.000,0.000,0.000,3.142,
36.307,39.631,11.662,-6.804,0.039,0.000,6.279,1.841,2.838,3.207,1.406,3.019,0.000,1.998,1.760,3.478,3.575,0.000,3.142,0.000,0.000,0.000,0.000,0.000,0.000,0.000,0.000,0.000,0.000,0.000,3.142,
36.416,39.740,11.662,-6.804,0.039,0.000,6.279,1.841,2.838,3.207,1.406,3.019,0.000,1.998,1.760,3.478,3.575,0.000,3.142,0.000,0.000,0.000,0.000,0.000,0.000,0.000,0.000,0.000,0.000,0.000,3.142,
36.519,39.843,11.662,-6.804,0.039,0.000,6.279,1.841,2.838,3.207,1.406,3.019,0.000,1.998,1.760,3.478,3.575,0.000,3.142,0.000,0.000,0.000,0.000,0.000,0.000,0.000,0.000,0.000,0.000,0.000,3.142,
36.611,39.936,11.662,-6.804,0.039,0.000,6.279,1.841,2.838,3.207,1.406,3.019,0.000,1.998,1.760,3.478,3.575,0.000,3.142,0.000,0.000,0.000,0.000,0.000,0.000,0.000,0.000,0.000,0.000,0.000,3.142,
36.720,40.044,11.662,-6.804,0.039,0.000,6.279,1.841,2.838,3.207,1.406,3.019,0.000,1.998,1.760,3.478,3.575,0.000,3.142,0.000,0.000,0.000,0.000,0.000,0.000,0.000,0.000,0.000,0.000,0.000,3.142,
36.814,40.138,11.662,-6.804,0.039,0.000,6.279,1.841,2.838,3.207,1.406,3.019,0.000,1.998,1.760,3.478,3.575,0.000,3.142,0.000,0.000,0.000,0.000,0.000,0.000,0.000,0.000,0.000,0.000,0.000,3.142,
36.920,40.244,11.662,-6.804,0.039,0.000,6.279,1.841,2.838,3.207,1.406,3.019,0.000,1.998,1.760,3.478,3.575,0.000,3.142,0.000,0.000,0.000,0.000,0.000,0.000,0.000,0.000,0.000,0.000,0.000,3.142,
37.012,40.337,11.662,-6.804,0.039,0.000,6.279,1.841,2.838,3.207,1.406,3.019,0.000,1.998,1.760,3.478,3.575,0.000,3.142,0.000,0.000,0.000,0.000,0.000,0.000,0.000,0.000,0.000,0.000,0.000,3.142,
37.100,40.424,11.662,-6.804,0.039,0.000,6.279,1.841,2.838,3.207,1.406,3.019,0.000,1.998,1.760,3.478,3.575,0.000,3.142,0.000,0.000,0.000,0.000,0.000,0.000,0.000,0.000,0.000,0.000,0.000,3.142,
37.215,40.539,11.662,-6.804,0.039,0.000,6.279,1.841,2.838,3.207,1.406,3.019,0.000,1.998,1.760,3.478,3.575,0.000,3.142,0.000,0.000,0.000,0.000,0.000,0.000,0.000,0.000,0.000,0.000,0.000,3.142,
37.314,40.638,11.662,-6.804,0.039,0.000,6.279,1.841,2.838,3.207,1.406,3.019,0.000,1.998,1.760,3.478,3.575,0.000,3.142,0.000,0.000,0.000,0.000,0.000,0.000,0.000,0.000,0.000,0.000,0.000,3.142,
37.419,40.743,11.662,-6.804,0.039,0.000,6.279,1.841,2.838,3.207,1.406,3.019,0.000,1.998,1.760,3.477,3.575,0.000,3.142,0.000,0.000,0.000,0.000,0.000,0.000,0.000,0.000,0.000,0.000,0.000,3.142,
37.508,40.832,11.662,-6.804,0.039,0.000,6.279,1.841,2.838,3.207,1.406,3.019,0.000,1.998,1.760,3.477,3.575,0.000,3.142,0.000,0.000,0.000,0.000,0.000,0.000,0.000,0.000,0.000,0.000,0.000,3.142,
37.604,40.928,11.662,-6.804,0.039,0.000,6.279,1.841,2.838,3.207,1.406,3.019,0.000,1.998,1.760,3.477,3.575,0.000,3.142,0.000,0.000,0.000,0.000,0.000,0.000,0.000,0.000,0.000,0.000,0.000,3.142,
37.706,41.030,11.662,-6.804,0.039,0.000,6.279,1.841,2.838,3.207,1.406,3.019,0.000,1.998,1.760,3.477,3.575,0.000,3.142,0.000,0.000,0.000,0.000,0.000,0.000,0.000,0.000,0.000,0.000,0.000,3.142,
37.807,41.131,11.662,-6.804,0.039,0.000,6.279,1.841,2.838,3.207,1.406,3.019,0.000,1.998,1.760,3.477,3.575,0.000,3.142,0.000,0.000,0.000,0.000,0.000,0.000,0.000,0.000,0.000,0.000,0.000,3.142,
37.913,41.237,11.662,-6.804,0.039,0.000,0.000,1.841,2.838,3.207,1.406,3.019,0.000,1.998,1.760,3.477,3.575,0.000,3.142,0.000,0.000,0.000,0.000,0.000,0.000,0.000,0.000,0.000,0.000,0.000,3.142,
38.006,41.330,11.662,-6.804,0.039,0.000,6.279,1.841,2.838,3.207,1.406,3.019,0.000,1.998,1.760,3.477,3.575,0.000,3.142,0.000,0.000,0.000,0.000,0.000,0.000,0.000,0.000,0.000,0.000,0.000,3.142,
38.101,41.425,11.662,-6.804,0.039,0.000,6.279,1.841,2.838,3.207,1.406,3.019,0.000,1.998,1.760,3.477,3.575,0.000,3.142,0.000,0.000,0.000,0.000,0.000,0.000,0.000,0.000,0.000,0.000,0.000,3.142,
38.215,41.539,11.662,-6.804,0.039,0.000,6.279,1.841,2.838,3.207,1.406,3.019,0.000,1.998,1.760,3.477,3.575,0.000,3.142,0.000,0.000,0.000,0.000,0.000,0.000,0.000,0.000,0.000,0.000,0.000,3.142,
38.310,41.635,11.662,-6.804,0.039,0.000,6.279,1.841,2.838,3.207,1.406,3.019,0.000,1.998,1.760,3.477,3.576,0.000,3.142,0.000,0.000,0.000,0.000,0.000,0.000,0.000,0.000,0.000,0.000,0.000,3.142,
38.405,41.730,11.662,-6.804,0.039,0.000,6.278,1.841,2.838,3.207,1.406,3.019,0.000,1.998,1.760,3.477,3.576,0.000,3.142,0.000,0.000,0.000,0.000,0.000,0.000,0.000,0.000,0.000,0.000,0.000,3.142,
38.520,41.844,11.662,-6.804,0.039,0.000,6.279,1.841,2.838,3.207,1.406,3.019,0.000,1.998,1.760,3.477,3.576,0.000,3.142,0.000,0.000,0.000,0.000,0.000,0.000,0.000,0.000,0.000,0.000,0.000,3.142,
38.608,41.932,11.662,-6.804,0.039,0.000,6.278,1.841,2.838,3.207,1.406,3.019,0.000,1.998,1.760,3.477,3.576,0.000,3.142,0.000,0.000,0.000,0.000,0.000,0.000,0.000,0.000,0.000,0.000,0.000,3.142,
38.701,42.025,11.662,-6.804,0.039,0.000,6.279,1.841,2.838,3.207,1.406,3.019,0.000,1.998,1.760,3.477,3.576,0.000,3.142,0.000,0.000,0.000,0.000,0.000,0.000,0.000,0.000,0.000,0.000,0.000,3.142,
38.813,42.137,11.662,-6.804,0.039,0.000,6.279,1.841,2.838,3.207,1.406,3.019,0.000,1.998,1.760,3.477,3.576,0.000,3.142,0.000,0.000,0.000,0.000,0.000,0.000,0.000,0.000,0.000,0.000,0.000,3.142,
38.915,42.240,11.662,-6.804,0.039,0.000,6.279,1.841,2.838,3.207,1.406,3.019,0.000,1.998,1.760,3.477,3.576,0.000,3.142,0.000,0.000,0.000,0.000,0.000,0.000,0.000,0.000,0.000,0.000,0.000,3.142,
39.000,42.325,11.662,-6.804,0.039,0.000,6.279,1.841,2.838,3.207,1.406,3.019,0.000,1.998,1.760,3.477,3.576,0.000,3.142,0.000,0.000,0.000,0.000,0.000,0.000,0.000,0.000,0.000,0.000,0.000,3.142,
39.101,42.425,11.662,-6.804,0.039,0.000,6.279,1.841,2.838,3.207,1.406,3.019,0.000,1.998,1.760,3.476,3.576,0.000,3.142,0.000,0.000,0.000,0.000,0.000,0.000,0.000,0.000,0.000,0.000,0.000,3.142,
39.207,42.531,11.662,-6.804,0.039,0.000,6.279,1.841,2.838,3.207,1.406,3.019,0.000,1.998,1.760,3.476,3.576,0.000,3.142,0.000,0.000,0.000,0.000,0.000,0.000,0.000,0.000,0.000,0.000,0.000,3.142,
39.302,42.627,11.662,-6.804,0.039,0.000,6.279,1.841,2.838,3.207,1.406,3.019,0.000,1.998,1.760,3.476,3.576,0.000,3.142,0.000,0.000,0.000,0.000,0.000,0.000,0.000,0.000,0.000,0.000,0.000,3.142,
39.409,42.733,11.662,-6.804,0.039,0.000,6.279,1.841,2.838,3.207,1.406,3.019,0.000,1.998,1.760,3.476,3.576,0.000,3.142,0.000,0.000,0.000,0.000,0.000,0.000,0.000,0.000,0.000,0.000,0.000,3.142,
39.508,42.832,11.662,-6.804,0.039,0.000,6.279,1.841,2.838,3.207,1.406,3.019,0.000,1.998,1.760,3.476,3.576,0.000,3.142,0.000,0.000,0.000,0.000,0.000,0.000,0.000,0.000,0.000,0.000,